Year,Geo_Lvl,Geo_Cd,Geo_Desc,Plan_Type,Tot_Opioid_Clms,Tot_Clms,Opioid_Prscrbng_Rate,Opioid_Prscrbng_Rate_5Y_Chg,Opioid_Prscrbng_Rate_1Y_Chg,LA_Tot_Opioid_Clms,LA_Opioid_Prscrbng_Rate,LA_Opioid_Prscrbng_Rate_5Y_Chg,LA_Opioid_Prscrbng_Rate_1Y_Chg
2013,National, ,National,All,33471552,506882862,6.6,,,2605496,7.78,,
2013,National, ,National,FFS,15528221,240661427,6.45,,,1363671,8.78,,
2013,National, ,National,MC,17943331,266221435,6.74,,,1241825,6.92,,
2014,National, ,National,All,37014898,571877738,6.47,,-0.13,2767969,7.48,,-0.3
2014,National, ,National,FFS,15303765,239577769,6.39,,-0.06,1279499,8.36,,-0.42
2014,National, ,National,MC,21711133,332299969,6.53,,-0.21,1488470,6.86,,-0.06
2015,National, ,National,All,37964067,641988059,5.91,,-0.56,2885869,7.6,,0.12
2015,National, ,National,FFS,13003494,222827876,5.84,,-0.55,1129559,8.69,,0.33
2015,National, ,National,MC,24960573,419160183,5.95,,-0.58,1756310,7.04,,0.18
2016,National, ,National,All,36902273,685821751,5.38,,-0.53,2783521,7.54,,-0.06
2016,National, ,National,FFS,10991785,207684096,5.29,,-0.55,1005887,9.15,,0.46
2016,National, ,National,MC,25910488,478137655,5.42,,-0.53,1777634,6.86,,-0.18
2017,National, ,National,All,32240821,704296772,4.58,,-0.8,2412650,7.48,,-0.06
2017,National, ,National,FFS,9118820,196106805,4.65,,-0.64,851704,9.34,,0.19
2017,National, ,National,MC,23122001,508189967,4.55,,-0.87,1560946,6.75,,-0.11
2018,National, ,National,FFS,7267668,193823712,3.75,-2.7,-0.9,890812,12.26,3.48,2.92
2018,National, ,National,All,25304103,686257308,3.69,-2.91,-0.89,2409250,9.52,1.74,2.04
2018,National, ,National,MC,18036435,492433596,3.66,-3.08,-0.89,1518438,8.42,1.5,1.67
2019,National, ,National,All,22118623,680015021,3.25,-3.22,-0.44,3155737,14.27,6.79,4.75
2019,National, ,National,FFS,5997267,188148689,3.19,-3.2,-0.56,804839,13.42,5.06,1.16
2019,National, ,National,MC,16121356,491866332,3.28,-3.25,-0.38,2350898,14.58,7.72,6.16
2020,National, ,National,All,21189623,654003584,3.24,-2.67,-0.01,4008405,18.92,11.32,4.65
2020,National, ,National,FFS,5299357,179300906,2.96,-2.88,-0.23,711775,13.43,4.74,0.01
2020,National, ,National,MC,15890266,474702678,3.35,-2.6,0.07,3296630,20.75,13.71,6.17
2021,National, ,National,All,21723543,686729826,3.16,-2.22,-0.08,4704983,21.66,14.12,2.74
2021,National, ,National,FFS,5079328,180401785,2.82,-2.47,-0.14,736357,14.5,5.35,1.07
2021,National, ,National,MC,16644215,506328041,3.29,-2.13,-0.06,3968626,23.84,16.98,3.09
2022,National, ,National,All,20367934,690552876,2.95,-1.63,-0.21,4919817,24.15,16.67,2.49
2022,National, ,National,FFS,6746019,234814567,2.87,-1.78,0.05,1294680,19.19,9.85,4.69
2022,National, ,National,MC,13621915,455738309,2.99,-1.56,-0.3,3625137,26.61,19.86,2.77
2013,State,56,Wyoming,All,41202,529696,7.78,,,4230,10.27,,
2013,State,38,North Dakota,All,39906,588978,6.78,,,3472,8.7,,
2013,State,46,South Dakota,All,50847,694748,7.32,,,4180,8.22,,
2013,State,02,Alaska,All,73147,954919,7.66,,,8870,12.13,,
2013,State,30,Montana,All,87773,1041207,8.43,,,10713,12.21,,
2013,State,20,Kansas,All,79649,1090611,7.3,,,6747,8.47,,
2013,State,50,Vermont,All,118134,1335242,8.85,,,16549,14.01,,
2013,State,33,New Hampshire,All,96078,1444215,6.65,,,12906,13.43,,
2013,State,44,Rhode Island,All,108851,2058356,5.29,,,8387,7.71,,
2013,State,15,Hawaii,All,166393,2085367,7.98,,,17698,10.64,,
2013,State,16,Idaho,All,175132,2115050,8.28,,,16043,9.16,,
2013,State,11,District of Columbia,All,112974,2120973,5.33,,,5764,5.1,,
2013,State,10,Delaware,All,185965,2262569,8.22,,,31501,16.94,,
2013,State,31,Nebraska,All,147751,2302434,6.42,,,13755,9.31,,
2013,State,49,Utah,All,233588,2937252,7.95,,,20885,8.94,,
2013,State,32,Nevada,All,279872,2988442,9.37,,,30238,10.8,,
2013,State,23,Maine,All,211940,3081312,6.88,,,21025,9.92,,
2013,State,35,New Mexico,All,283376,3684909,7.69,,,20895,7.37,,
2013,State,19,Iowa,All,248968,4126178,6.03,,,16960,6.81,,
2013,State,05,Arkansas,All,294605,4452007,6.62,,,12922,4.39,,
2013,State,08,Colorado,All,519796,4700499,11.06,,,49532,9.53,,
2013,State,21,Kentucky,All,262896,4978458,5.28,,,12198,4.64,,
2013,State,28,Mississippi,All,397168,5285453,7.51,,,13303,3.35,,
2013,State,54,West Virginia,All,401118,5794848,6.92,,,22227,5.54,,
2013,State,41,Oregon,All,573480,5857569,9.79,,,57673,10.06,,
2013,State,40,Oklahoma,All,537393,6076809,8.84,,,33830,6.3,,
2013,State,45,South Carolina,All,475383,6918637,6.87,,,28666,6.03,,
2013,State,53,Washington,All,620072,7032472,8.82,,,69150,11.15,,
2013,State,09,Connecticut,All,532452,7584452,7.02,,,48425,9.09,,
2013,State,01,Alabama,All,510321,8446768,6.04,,,22101,4.33,,
2013,State,27,Minnesota,All,698535,10110092,6.91,,,54606,7.82,,
2013,State,55,Wisconsin,All,899000,10155576,8.85,,,120342,13.39,,
2013,State,24,Maryland,All,762388,10413094,7.32,,,72846,9.56,,
2013,State,51,Virginia,All,730742,10508281,6.95,,,51828,7.09,,
2013,State,22,Louisiana,All,715502,10841388,6.6,,,23057,3.22,,
2013,State,47,Tennessee,All,1021566,11126563,9.18,,,83242,8.15,,
2013,State,18,Indiana,All,971079,11136888,8.72,,,83140,8.56,,
2013,State,29,Missouri,All,783788,11407862,6.87,,,66028,8.42,,
2013,State,34,New Jersey,All,563939,11905806,4.74,,,54453,9.66,,
2013,State,04,Arizona,All,1125751,12415553,9.07,,,122364,10.87,,
2013,State,25,Massachusetts,All,761512,12715214,5.99,,,74258,9.75,,
2013,State,37,North Carolina,All,1217388,15508160,7.85,,,110673,9.09,,
2013,State,13,Georgia,All,1083656,15734473,6.89,,,51827,4.78,,
2013,State,17,Illinois,All,949106,16695076,5.68,,,39487,4.16,,
2013,State,26,Michigan,All,1637722,18823723,8.7,,,99426,6.07,,
2013,State,42,Pennsylvania,All,1554911,23257055,6.69,,,140251,9.02,,
2013,State,12,Florida,All,1477965,26243364,5.63,,,119466,8.08,,
2013,State,39,Ohio,All,2073605,27267303,7.6,,,129494,6.24,,
2013,State,48,Texas,All,1531487,30610606,5,,,62835,4.1,,
2013,State,06,California,All,2994374,48449433,6.18,,,226301,7.56,,
2013,State,36,New York,All,2051306,56986922,3.6,,,178727,8.71,,
2013,State,56,Wyoming,FFS,41202,529696,7.78,,,4230,10.27,,
2013,State,38,North Dakota,FFS,39906,588978,6.78,,,3472,8.7,,
2013,State,46,South Dakota,FFS,50847,694748,7.32,,,4180,8.22,,
2013,State,02,Alaska,FFS,73147,954919,7.66,,,8870,12.13,,
2013,State,30,Montana,FFS,87773,1041207,8.43,,,10713,12.21,,
2013,State,20,Kansas,FFS,3909,77855,5.02,,,534,13.66,,
2013,State,50,Vermont,FFS,118134,1335242,8.85,,,16549,14.01,,
2013,State,33,New Hampshire,FFS,90016,1349011,6.67,,,11880,13.2,,
2013,State,44,Rhode Island,FFS,13861,390197,3.55,,,1815,13.09,,
2013,State,15,Hawaii,FFS,,7857,24.2,,,11,0.58,,
2013,State,16,Idaho,FFS,175132,2115050,8.28,,,16043,9.16,,
2013,State,11,District of Columbia,FFS,49972,900873,5.55,,,4288,8.58,,
2013,State,10,Delaware,FFS,185965,2124597,8.75,,,31501,16.94,,
2013,State,31,Nebraska,FFS,140621,2145387,6.55,,,13600,9.67,,
2013,State,49,Utah,FFS,81512,1301043,6.27,,,7827,9.6,,
2013,State,32,Nevada,FFS,188077,2059601,9.13,,,25335,13.47,,
2013,State,23,Maine,FFS,211940,3081312,6.88,,,21025,9.92,,
2013,State,35,New Mexico,FFS,18027,218344,8.26,,,819,4.54,,
2013,State,19,Iowa,FFS,,4109764,,,,,,,
2013,State,05,Arkansas,FFS,294605,4452007,6.62,,,12922,4.39,,
2013,State,08,Colorado,FFS,519796,4700499,11.06,,,49532,9.53,,
2013,State,21,Kentucky,FFS,27622,892594,3.09,,,3201,11.59,,
2013,State,28,Mississippi,FFS,111645,2605279,4.29,,,3660,3.28,,
2013,State,54,West Virginia,FFS,329579,4721906,6.98,,,20429,6.2,,
2013,State,41,Oregon,FFS,43990,1492760,2.95,,,5743,13.06,,
2013,State,40,Oklahoma,FFS,537393,6076809,8.84,,,33830,6.3,,
2013,State,45,South Carolina,FFS,179973,2897842,6.21,,,12884,7.16,,
2013,State,53,Washington,FFS,188293,2395203,7.86,,,23405,12.43,,
2013,State,09,Connecticut,FFS,532452,7584452,7.02,,,48425,9.09,,
2013,State,01,Alabama,FFS,510321,8446768,6.04,,,22101,4.33,,
2013,State,27,Minnesota,FFS,162651,2725448,5.97,,,15440,9.49,,
2013,State,55,Wisconsin,FFS,896650,10127535,8.85,,,119908,13.37,,
2013,State,24,Maryland,FFS,56223,3398400,,,,8193,14.57,,
2013,State,51,Virginia,FFS,115686,2396396,4.83,,,11931,10.31,,
2013,State,22,Louisiana,FFS,321257,5890971,5.45,,,11147,3.47,,
2013,State,47,Tennessee,FFS,1021566,10620545,9.62,,,83242,8.15,,
2013,State,18,Indiana,FFS,970547,10909453,8.9,,,,,,
2013,State,29,Missouri,FFS,783788,11407862,6.87,,,66028,8.42,,
2013,State,34,New Jersey,FFS,88512,1651744,5.36,,,17505,19.78,,
2013,State,04,Arizona,FFS,9664,65282,14.8,,,920,9.52,,
2013,State,25,Massachusetts,FFS,331054,6490356,5.1,,,36388,10.99,,
2013,State,37,North Carolina,FFS,1217388,15508160,7.85,,,110673,9.09,,
2013,State,13,Georgia,FFS,604874,7766135,7.79,,,43102,7.13,,
2013,State,17,Illinois,FFS,857091,14805047,5.79,,,32495,3.79,,
2013,State,26,Michigan,FFS,232967,7025166,3.32,,,19118,8.21,,
2013,State,42,Pennsylvania,FFS,114959,2228509,5.16,,,16417,14.28,,
2013,State,12,Florida,FFS,800123,15694110,5.1,,,60775,7.6,,
2013,State,39,Ohio,FFS,415605,7115478,5.84,,,41728,10.04,,
2013,State,48,Texas,FFS,150846,5502979,2.74,,,7772,5.15,,
2013,State,06,California,FFS,1103744,20533021,5.38,,,115990,10.51,,
2013,State,36,New York,FFS,176448,7507030,2.35,,,25980,14.72,,
2013,State,56,Wyoming,MC,0,0,,,,0,,,
2013,State,38,North Dakota,MC,0,0,,,,0,,,
2013,State,46,South Dakota,MC,0,0,,,,0,,,
2013,State,02,Alaska,MC,0,0,,,,0,,,
2013,State,30,Montana,MC,0,0,,,,0,,,
2013,State,20,Kansas,MC,75740,1012756,7.48,,,6213,8.2,,
2013,State,50,Vermont,MC,0,0,,,,0,,,
2013,State,33,New Hampshire,MC,6062,95204,6.37,,,1026,16.93,,
2013,State,44,Rhode Island,MC,94990,1668159,5.69,,,6572,6.92,,
2013,State,15,Hawaii,MC,164492,2077510,7.92,,,17687,10.75,,
2013,State,16,Idaho,MC,0,0,,,,0,,,
2013,State,11,District of Columbia,MC,63002,1220100,5.16,,,1476,2.34,,
2013,State,10,Delaware,MC,0,137972,0,,,0,,,
2013,State,31,Nebraska,MC,7130,157047,4.54,,,155,2.17,,
2013,State,49,Utah,MC,152076,1636209,9.29,,,13058,8.59,,
2013,State,32,Nevada,MC,91795,928841,9.88,,,4903,5.34,,
2013,State,23,Maine,MC,0,0,,,,0,,,
2013,State,35,New Mexico,MC,265349,3466565,7.65,,,20076,7.57,,
2013,State,19,Iowa,MC,,16414,,,,,,,
2013,State,05,Arkansas,MC,0,0,,,,0,,,
2013,State,08,Colorado,MC,0,0,,,,0,,,
2013,State,21,Kentucky,MC,235274,4085864,5.76,,,8997,3.82,,
2013,State,28,Mississippi,MC,285523,2680174,10.65,,,9643,3.38,,
2013,State,54,West Virginia,MC,71539,1072942,6.67,,,1798,2.51,,
2013,State,41,Oregon,MC,529490,4364809,12.13,,,51930,9.81,,
2013,State,40,Oklahoma,MC,0,0,,,,0,,,
2013,State,45,South Carolina,MC,295410,4020795,7.35,,,15782,5.34,,
2013,State,53,Washington,MC,431779,4637269,9.31,,,45745,10.59,,
2013,State,09,Connecticut,MC,0,0,,,,0,,,
2013,State,01,Alabama,MC,,0,,,,0,,,
2013,State,27,Minnesota,MC,535884,7384644,7.26,,,39166,7.31,,
2013,State,55,Wisconsin,MC,2350,28041,8.38,,,434,18.47,,
2013,State,24,Maryland,MC,706165,7014694,10.07,,,64653,9.16,,
2013,State,51,Virginia,MC,615056,8111885,7.58,,,39897,6.49,,
2013,State,22,Louisiana,MC,394245,4950417,7.96,,,11910,3.02,,
2013,State,47,Tennessee,MC,0,506018,0,,,0,,,
2013,State,18,Indiana,MC,532,227435,0.23,,,,,,
2013,State,29,Missouri,MC,0,0,,,,0,,,
2013,State,34,New Jersey,MC,475427,10254062,4.64,,,36948,7.77,,
2013,State,04,Arizona,MC,1116087,12350271,9.04,,,121444,10.88,,
2013,State,25,Massachusetts,MC,430458,6224858,6.92,,,37870,8.8,,
2013,State,37,North Carolina,MC,0,0,,,,0,,,
2013,State,13,Georgia,MC,478782,7968338,6.01,,,8725,1.82,,
2013,State,17,Illinois,MC,92015,1890029,4.87,,,6992,7.6,,
2013,State,26,Michigan,MC,1404755,11798557,11.91,,,80308,5.72,,
2013,State,42,Pennsylvania,MC,1439952,21028546,6.85,,,123834,8.6,,
2013,State,12,Florida,MC,677842,10549254,6.43,,,58691,8.66,,
2013,State,39,Ohio,MC,1658000,20151825,8.23,,,87766,5.29,,
2013,State,48,Texas,MC,1380641,25107627,5.5,,,55063,3.99,,
2013,State,06,California,MC,1890630,27916412,6.77,,,110311,5.83,,
2013,State,36,New York,MC,1874858,49479892,3.79,,,152747,8.15,,
2014,State,56,Wyoming,FFS,41162,528045,7.8,,0.02,4193,10.19,,-0.08
2014,State,46,South Dakota,FFS,49072,730128,6.72,,-0.6,3868,7.88,,-0.34
2014,State,38,North Dakota,FFS,37136,577825,6.43,,-0.35,3002,8.08,,-0.62
2014,State,02,Alaska,FFS,73636,933039,7.89,,0.23,8657,11.76,,-0.37
2014,State,30,Montana,FFS,91528,1123370,8.15,,-0.28,10398,11.36,,-0.85
2014,State,50,Vermont,FFS,113791,1397457,8.14,,-0.71,16103,14.15,,0.14
2014,State,33,New Hampshire,FFS,14259,229068,6.22,,-0.45,1597,11.2,,-2
2014,State,16,Idaho,FFS,170663,2168150,7.87,,-0.41,15795,9.26,,0.1
2014,State,11,District of Columbia,FFS,47980,857831,5.59,,0.04,4458,9.29,,0.71
2014,State,31,Nebraska,FFS,132985,2100662,6.33,,-0.22,12930,9.72,,0.05
2014,State,10,Delaware,FFS,182877,2150003,8.51,,-0.24,30850,16.87,,-0.07
2014,State,15,Hawaii,FFS,1850,9206,20.1,,-4.1,,,,
2014,State,23,Maine,FFS,165770,2603002,6.37,,-0.51,20700,12.49,,2.57
2014,State,44,Rhode Island,FFS,12264,283084,4.33,,0.78,1236,10.08,,-3.01
2014,State,49,Utah,FFS,82614,1360977,6.07,,-0.2,8244,9.98,,0.38
2014,State,35,New Mexico,FFS,11957,125780,9.51,,1.25,259,2.17,,-2.37
2014,State,32,Nevada,FFS,230767,2370457,9.74,,0.61,27918,12.1,,-1.37
2014,State,05,Arkansas,FFS,373458,5019643,7.44,,0.82,15295,4.1,,-0.29
2014,State,28,Mississippi,FFS,103629,2622096,3.95,,-0.34,3878,3.74,,0.46
2014,State,19,Iowa,FFS,,5539749,,,,,,,
2014,State,20,Kansas,FFS,,12297,2.37,,-2.65,23,7.88,,-5.78
2014,State,40,Oklahoma,FFS,507923,6099440,8.33,,-0.51,35812,7.05,,0.75
2014,State,45,South Carolina,FFS,56769,1194719,4.75,,-1.46,3987,7.02,,-0.14
2014,State,08,Colorado,FFS,792615,7143629,11.1,,0.04,65204,8.23,,-1.3
2014,State,01,Alabama,FFS,457095,7225656,6.33,,0.29,20284,4.44,,0.11
2014,State,41,Oregon,FFS,66456,2061955,3.22,,0.27,4933,7.42,,-5.64
2014,State,09,Connecticut,FFS,558385,8285804,6.74,,-0.28,53120,9.51,,0.42
2014,State,54,West Virginia,FFS,479740,6668884,7.19,,0.21,22396,4.67,,-1.53
2014,State,21,Kentucky,FFS,21589,851348,2.54,,-0.55,3055,14.15,,2.56
2014,State,22,Louisiana,FFS,238230,4528785,5.26,,-0.19,8411,3.53,,0.06
2014,State,51,Virginia,FFS,83484,2118847,3.94,,-0.89,8316,9.96,,-0.35
2014,State,29,Missouri,FFS,689336,10384504,6.64,,-0.23,60087,8.72,,0.3
2014,State,55,Wisconsin,FFS,939367,10594281,8.87,,0.02,132381,14.09,,0.72
2014,State,18,Indiana,FFS,883469,10757326,8.21,,-0.69,69180,7.83,,
2014,State,27,Minnesota,FFS,159120,2841596,5.6,,-0.37,13769,8.65,,-0.84
2014,State,53,Washington,FFS,189586,1784644,10.62,,2.76,15765,8.32,,-4.11
2014,State,24,Maryland,FFS,64237,3871332,,,,8862,13.8,,-0.77
2014,State,04,Arizona,FFS,17440,109010,16,,1.2,1465,8.4,,-1.12
2014,State,47,Tennessee,FFS,1017833,12854122,7.92,,-1.7,80146,7.87,,-0.28
2014,State,25,Massachusetts,FFS,319414,6755927,4.73,,-0.37,30809,9.65,,-1.34
2014,State,34,New Jersey,FFS,49918,921605,5.42,,0.06,10558,21.15,,1.37
2014,State,13,Georgia,FFS,575053,7633101,7.53,,-0.26,42927,7.46,,0.33
2014,State,37,North Carolina,FFS,1192423,16278923,7.33,,-0.52,109482,9.18,,0.09
2014,State,17,Illinois,FFS,870764,13960806,6.24,,0.45,29200,3.35,,-0.44
2014,State,26,Michigan,FFS,261233,7839897,3.33,,0.01,18293,7,,-1.21
2014,State,42,Pennsylvania,FFS,51833,1303569,3.98,,-1.18,8342,16.09,,1.81
2014,State,12,Florida,FFS,479040,10217124,4.69,,-0.41,34716,7.25,,-0.35
2014,State,39,Ohio,FFS,254076,4492865,5.66,,-0.18,23011,9.06,,-0.98
2014,State,48,Texas,FFS,142303,5593885,2.54,,-0.2,7593,5.34,,0.19
2014,State,36,New York,FFS,152408,7488751,2.04,,-0.31,22837,14.98,,0.26
2014,State,06,California,FFS,1430279,24973565,5.73,,0.35,122072,8.53,,-1.98
2014,State,56,Wyoming,All,41162,528045,7.8,,0.02,4193,10.19,,-0.08
2014,State,46,South Dakota,All,49072,730128,6.72,,-0.6,3868,7.88,,-0.34
2014,State,38,North Dakota,All,56037,767635,7.3,,0.52,4308,7.69,,-1.01
2014,State,02,Alaska,All,73636,933039,7.89,,0.23,8657,11.76,,-0.37
2014,State,30,Montana,All,91528,1123370,8.15,,-0.28,10398,11.36,,-0.85
2014,State,50,Vermont,All,113791,1397457,8.14,,-0.71,16103,14.15,,0.14
2014,State,33,New Hampshire,All,95010,1512555,6.28,,-0.37,13435,14.14,,0.71
2014,State,16,Idaho,All,170663,2168150,7.87,,-0.41,15795,9.26,,0.1
2014,State,11,District of Columbia,All,113314,2219032,5.11,,-0.22,5963,5.26,,0.16
2014,State,31,Nebraska,All,137228,2224614,6.17,,-0.25,12979,9.46,,0.15
2014,State,10,Delaware,All,182877,2317320,7.89,,-0.33,30850,16.87,,-0.07
2014,State,15,Hawaii,All,172816,2337189,7.39,,-0.59,18806,10.88,,0.24
2014,State,23,Maine,All,165770,2603002,6.37,,-0.51,20700,12.49,,2.57
2014,State,44,Rhode Island,All,157408,2796857,5.63,,0.34,9536,6.06,,-1.65
2014,State,49,Utah,All,233869,2898591,8.07,,0.12,23269,9.95,,1.01
2014,State,35,New Mexico,All,365313,4676329,7.81,,0.12,21360,5.85,,-1.52
2014,State,32,Nevada,All,464138,4724323,9.82,,0.45,40819,8.79,,-2.01
2014,State,05,Arkansas,All,373458,5019643,7.44,,0.82,15295,4.1,,-0.29
2014,State,28,Mississippi,All,401779,5516409,7.28,,-0.23,14043,3.5,,0.15
2014,State,19,Iowa,All,364662,5597028,6.52,,0.49,23075,6.33,,-0.48
2014,State,20,Kansas,All,435071,5916227,7.35,,0.05,43870,10.08,,1.61
2014,State,40,Oklahoma,All,507923,6099440,8.33,,-0.51,35812,7.05,,0.75
2014,State,45,South Carolina,All,480977,6764955,7.11,,0.24,28270,5.88,,-0.15
2014,State,08,Colorado,All,792615,7143629,11.1,,0.04,65204,8.23,,-1.3
2014,State,01,Alabama,All,457095,7225656,6.33,,0.29,20284,4.44,,0.11
2014,State,41,Oregon,All,768391,8128914,9.45,,-0.34,60957,7.93,,-2.13
2014,State,09,Connecticut,All,558385,8285804,6.74,,-0.28,53120,9.51,,0.42
2014,State,54,West Virginia,All,589350,8538277,6.9,,-0.02,25035,4.25,,-1.29
2014,State,21,Kentucky,All,440014,8771954,5.02,,-0.26,21432,4.87,,0.23
2014,State,22,Louisiana,All,582538,9072284,6.42,,-0.18,18878,3.24,,0.02
2014,State,51,Virginia,All,653900,10321510,6.34,,-0.61,49157,7.52,,0.43
2014,State,29,Missouri,All,689336,10384504,6.64,,-0.23,60087,8.72,,0.3
2014,State,55,Wisconsin,All,944851,10664886,8.86,,0.01,133749,14.16,,0.77
2014,State,18,Indiana,All,883752,10952185,8.07,,-0.65,69180,7.83,,-0.73
2014,State,27,Minnesota,All,766837,11853531,6.47,,-0.44,58711,7.66,,-0.16
2014,State,53,Washington,All,1091405,12121714,9,,0.18,99978,9.16,,-1.99
2014,State,24,Maryland,All,916088,12644689,7.24,,-0.08,90764,9.91,,0.35
2014,State,04,Arizona,All,1183532,12965244,9.13,,0.06,121085,10.23,,-0.64
2014,State,47,Tennessee,All,1017833,13310032,7.65,,-1.53,80146,7.87,,-0.28
2014,State,25,Massachusetts,All,795227,14333178,5.55,,-0.44,68987,8.68,,-1.07
2014,State,34,New Jersey,All,750707,14783152,5.08,,0.34,63035,8.4,,-1.26
2014,State,13,Georgia,All,1060821,15929791,6.66,,-0.23,52746,4.97,,0.19
2014,State,37,North Carolina,All,1192423,16278923,7.33,,-0.52,109482,9.18,,0.09
2014,State,17,Illinois,All,1163492,19275809,6.04,,0.36,42968,3.69,,-0.47
2014,State,26,Michigan,All,1985989,22147232,8.97,,0.27,114804,5.78,,-0.29
2014,State,42,Pennsylvania,All,1522237,23879753,6.37,,-0.32,136730,8.98,,-0.04
2014,State,12,Florida,All,1512996,27494170,5.5,,-0.13,126517,8.36,,0.28
2014,State,39,Ohio,All,2057249,28841569,7.13,,-0.47,108863,5.29,,-0.95
2014,State,48,Texas,All,1458071,32359000,4.51,,-0.49,62522,4.29,,0.19
2014,State,36,New York,All,1963635,60487679,3.25,,-0.35,179330,9.13,,0.42
2014,State,06,California,All,3968627,62811331,6.32,,0.14,252814,6.37,,-1.19
2014,State,56,Wyoming,MC,0,0,,,,0,,,
2014,State,46,South Dakota,MC,0,0,,,,0,,,
2014,State,38,North Dakota,MC,18901,189810,9.96,,,1306,6.91,,
2014,State,02,Alaska,MC,0,0,,,,0,,,
2014,State,30,Montana,MC,0,0,,,,0,,,
2014,State,50,Vermont,MC,0,0,,,,0,,,
2014,State,33,New Hampshire,MC,80751,1283487,6.29,,-0.08,11838,14.66,,-2.27
2014,State,16,Idaho,MC,0,0,,,,0,,,
2014,State,11,District of Columbia,MC,65334,1361201,4.8,,-0.36,1505,2.3,,-0.04
2014,State,31,Nebraska,MC,4243,123952,3.42,,-1.12,49,1.15,,-1.02
2014,State,10,Delaware,MC,0,167317,0,,0,0,,,
2014,State,15,Hawaii,MC,170966,2327983,7.34,,-0.58,,,,
2014,State,23,Maine,MC,0,0,,,,0,,,
2014,State,44,Rhode Island,MC,145144,2513773,5.77,,0.08,8300,5.72,,-1.2
2014,State,49,Utah,MC,151255,1537614,9.84,,0.55,15025,9.93,,1.34
2014,State,35,New Mexico,MC,353356,4550549,7.77,,0.12,21101,5.97,,-1.6
2014,State,32,Nevada,MC,233371,2353866,9.91,,0.03,12901,5.53,,0.19
2014,State,05,Arkansas,MC,0,0,,,,0,,,
2014,State,28,Mississippi,MC,298150,2894313,10.3,,-0.35,10165,3.41,,0.03
2014,State,19,Iowa,MC,,57279,,,,,,,
2014,State,20,Kansas,MC,434779,5903930,7.36,,-0.12,43847,10.08,,1.88
2014,State,40,Oklahoma,MC,0,0,,,,0,,,
2014,State,45,South Carolina,MC,424208,5570236,7.62,,0.27,24283,5.72,,0.38
2014,State,08,Colorado,MC,0,0,,,,0,,,
2014,State,01,Alabama,MC,,0,,,,0,,,
2014,State,41,Oregon,MC,701935,6066959,11.57,,-0.56,56024,7.98,,-1.83
2014,State,09,Connecticut,MC,0,0,,,,0,,,
2014,State,54,West Virginia,MC,109610,1869393,5.86,,-0.81,2639,2.41,,-0.1
2014,State,21,Kentucky,MC,418425,7920606,5.28,,-0.48,18377,4.39,,0.57
2014,State,22,Louisiana,MC,344308,4543499,7.58,,-0.38,10467,3.04,,0.02
2014,State,51,Virginia,MC,570416,8202663,6.95,,-0.63,40841,7.16,,0.67
2014,State,29,Missouri,MC,0,0,,,,0,,,
2014,State,55,Wisconsin,MC,5484,70605,7.77,,-0.61,1368,24.95,,6.48
2014,State,18,Indiana,MC,283,194859,0.15,,-0.08,0,0,,
2014,State,27,Minnesota,MC,607717,9011935,6.74,,-0.52,44942,7.4,,0.09
2014,State,53,Washington,MC,901819,10337070,8.72,,-0.59,84213,9.34,,-1.25
2014,State,24,Maryland,MC,851851,8773357,9.71,,-0.36,81902,9.61,,0.45
2014,State,04,Arizona,MC,1166092,12856234,9.07,,0.03,119620,10.26,,-0.62
2014,State,47,Tennessee,MC,0,455910,0,,0,0,,,
2014,State,25,Massachusetts,MC,475813,7577251,6.28,,-0.64,38178,8.02,,-0.78
2014,State,34,New Jersey,MC,700789,13861547,5.06,,0.42,52477,7.49,,-0.28
2014,State,13,Georgia,MC,485768,8296690,5.86,,-0.15,9819,2.02,,0.2
2014,State,37,North Carolina,MC,0,0,,,,0,,,
2014,State,17,Illinois,MC,292728,5315003,5.51,,0.64,13768,4.7,,-2.9
2014,State,26,Michigan,MC,1724756,14307335,12.06,,0.15,96511,5.6,,-0.12
2014,State,42,Pennsylvania,MC,1470404,22576184,6.51,,-0.34,128388,8.73,,0.13
2014,State,12,Florida,MC,1033956,17277046,5.98,,-0.45,91801,8.88,,0.22
2014,State,39,Ohio,MC,1803173,24348704,7.41,,-0.82,85852,4.76,,-0.53
2014,State,48,Texas,MC,1315768,26765115,4.92,,-0.58,54929,4.17,,0.18
2014,State,36,New York,MC,1811227,52998928,3.42,,-0.37,156493,8.64,,0.49
2014,State,06,California,MC,2538348,37837766,6.71,,-0.06,130742,5.15,,-0.68
2015,State,56,Wyoming,All,39088,534212,7.32,,-0.48,3792,9.7,,-0.49
2015,State,46,South Dakota,All,53083,875406,6.06,,-0.66,4961,9.35,,1.47
2015,State,38,North Dakota,All,63279,913341,6.93,,-0.37,5032,7.95,,0.26
2015,State,02,Alaska,All,73451,964721,7.61,,-0.28,9048,12.32,,0.56
2015,State,30,Montana,All,91586,1218812,7.51,,-0.64,10294,11.24,,-0.12
2015,State,50,Vermont,All,110808,1576744,7.03,,-1.11,15465,13.96,,-0.19
2015,State,33,New Hampshire,All,114119,1855673,6.15,,-0.13,13929,12.21,,-1.93
2015,State,11,District of Columbia,All,102182,2120399,4.82,,-0.29,6039,5.91,,0.65
2015,State,31,Nebraska,All,124394,2179658,5.71,,-0.46,12634,10.16,,0.7
2015,State,16,Idaho,All,151504,2211751,6.85,,-1.02,15453,10.2,,0.94
2015,State,23,Maine,All,144435,2486994,5.81,,-0.56,21106,14.61,,2.12
2015,State,10,Delaware,All,160202,2543370,6.3,,-1.59,25260,15.77,,-1.1
2015,State,15,Hawaii,All,181416,2688123,6.75,,-0.64,19977,11.01,,0.13
2015,State,49,Utah,All,217098,2810261,7.73,,-0.34,23770,10.95,,1
2015,State,44,Rhode Island,All,156807,3211987,4.88,,-0.75,10165,6.48,,0.42
2015,State,20,Kansas,All,206223,3251174,6.34,,-1.01,21414,10.38,,0.3
2015,State,05,Arkansas,All,356271,5081298,7.01,,-0.43,17058,4.79,,0.69
2015,State,35,New Mexico,All,374578,5416924,6.92,,-0.89,17123,4.57,,-1.28
2015,State,28,Mississippi,All,398288,5777031,6.89,,-0.39,16068,4.03,,0.53
2015,State,40,Oklahoma,All,446323,5846998,7.63,,-0.7,37769,8.46,,1.41
2015,State,32,Nevada,All,543108,6116148,8.88,,-0.94,48714,8.97,,0.18
2015,State,19,Iowa,All,383909,6543441,5.87,,-0.65,26370,6.87,,0.54
2015,State,45,South Carolina,All,432594,6618502,6.54,,-0.57,27454,6.35,,0.47
2015,State,01,Alabama,All,418709,7431591,5.63,,-0.7,20023,4.78,,0.34
2015,State,08,Colorado,All,831193,8138457,10.21,,-0.89,72496,8.72,,0.49
2015,State,09,Connecticut,All,558678,9179056,6.09,,-0.65,55066,9.86,,0.35
2015,State,54,West Virginia,All,520370,9293729,5.6,,-1.3,25575,4.91,,0.66
2015,State,41,Oregon,All,823688,9713026,8.48,,-0.97,63924,7.76,,-0.17
2015,State,51,Virginia,All,583116,10186332,5.72,,-0.62,42311,7.26,,-0.26
2015,State,21,Kentucky,All,442586,10884664,4.07,,-0.95,14161,3.2,,-1.67
2015,State,55,Wisconsin,All,962286,11306189,8.51,,-0.35,146248,15.2,,1.04
2015,State,29,Missouri,All,688180,11501582,5.98,,-0.66,62831,9.13,,0.41
2015,State,27,Minnesota,All,669825,11664948,5.74,,-0.73,54530,8.14,,0.48
2015,State,22,Louisiana,All,674313,12474565,5.41,,-1.01,23817,3.53,,0.29
2015,State,18,Indiana,All,894115,12636259,7.08,,-0.99,62687,7.01,,-0.82
2015,State,47,Tennessee,All,1018415,13081374,7.79,,0.14,69553,6.83,,-1.04
2015,State,24,Maryland,All,872390,13211317,6.6,,-0.64,101634,11.65,,1.74
2015,State,53,Washington,All,1136474,14016747,8.11,,-0.89,106143,9.34,,0.18
2015,State,25,Massachusetts,All,725485,14761853,4.91,,-0.64,63358,8.73,,0.05
2015,State,04,Arizona,All,1234984,15862678,7.79,,-1.34,128368,10.39,,0.16
2015,State,13,Georgia,All,1010138,16122034,6.27,,-0.39,51178,5.07,,0.1
2015,State,37,North Carolina,All,1154370,16383622,7.05,,-0.28,107551,9.32,,0.14
2015,State,34,New Jersey,All,896657,18392224,4.88,,-0.2,74316,8.29,,-0.11
2015,State,17,Illinois,All,1370982,22538680,6.08,,0.04,53086,3.87,,0.18
2015,State,26,Michigan,All,2061794,25672797,8.03,,-0.94,128971,6.26,,0.48
2015,State,12,Florida,All,1449594,28800818,5.03,,-0.47,134606,9.29,,0.93
2015,State,42,Pennsylvania,All,1743650,29018034,6.01,,-0.36,151015,8.66,,-0.32
2015,State,48,Texas,All,1217575,31697280,3.84,,-0.67,59782,4.91,,0.62
2015,State,39,Ohio,All,2433474,39561885,6.15,,-0.98,124156,5.1,,-0.19
2015,State,36,New York,All,2050749,63418188,3.23,,-0.02,180556,8.8,,-0.33
2015,State,06,California,All,4595531,82195162,5.59,,-0.73,299032,6.51,,0.14
2015,State,56,Wyoming,FFS,39088,534212,7.32,,-0.48,3792,9.7,,-0.49
2015,State,46,South Dakota,FFS,53083,875406,6.06,,-0.66,4961,9.35,,1.47
2015,State,38,North Dakota,FFS,31680,550349,5.76,,-0.67,2572,8.12,,0.04
2015,State,02,Alaska,FFS,73451,964721,7.61,,-0.28,9048,12.32,,0.56
2015,State,30,Montana,FFS,91586,1218812,7.51,,-0.64,10294,11.24,,-0.12
2015,State,50,Vermont,FFS,110808,1576744,7.03,,-1.11,15465,13.96,,-0.19
2015,State,33,New Hampshire,FFS,12321,204253,6.03,,-0.19,1126,9.14,,-2.06
2015,State,11,District of Columbia,FFS,45664,860645,5.31,,-0.28,4621,10.12,,0.83
2015,State,31,Nebraska,FFS,121332,2074876,5.85,,-0.48,12560,10.35,,0.63
2015,State,16,Idaho,FFS,151504,2211751,6.85,,-1.02,15453,10.2,,0.94
2015,State,23,Maine,FFS,144435,2486994,5.81,,-0.56,21106,14.61,,2.12
2015,State,10,Delaware,FFS,6747,132052,5.11,,-3.4,743,11.01,,-5.86
2015,State,15,Hawaii,FFS,1859,9447,19.68,,-0.42,0,0,,
2015,State,49,Utah,FFS,66189,1307250,5.06,,-1.01,6976,10.54,,0.56
2015,State,44,Rhode Island,FFS,8326,241965,3.44,,-0.89,935,11.23,,1.15
2015,State,20,Kansas,FFS,380,13253,2.87,,0.5,37,9.74,,1.86
2015,State,05,Arkansas,FFS,356271,5081298,7.01,,-0.43,17058,4.79,,0.69
2015,State,35,New Mexico,FFS,15923,157328,10.12,,0.61,384,2.41,,0.24
2015,State,28,Mississippi,FFS,69790,1714814,4.07,,0.12,3783,5.42,,1.68
2015,State,40,Oklahoma,FFS,446323,5846998,7.63,,-0.7,37769,8.46,,1.41
2015,State,32,Nevada,FFS,224882,2457035,9.15,,-0.59,26784,11.91,,-0.19
2015,State,19,Iowa,FFS,383897,6480005,5.92,,,26370,6.87,,
2015,State,45,South Carolina,FFS,50369,1182900,4.26,,-0.49,4031,8,,0.98
2015,State,01,Alabama,FFS,418709,7431591,5.63,,-0.7,20023,4.78,,0.34
2015,State,08,Colorado,FFS,831193,8138457,10.21,,-0.89,72496,8.72,,0.49
2015,State,09,Connecticut,FFS,558678,9179056,6.09,,-0.65,55066,9.86,,0.35
2015,State,54,West Virginia,FFS,364476,6246606,5.83,,-1.36,20427,5.6,,0.93
2015,State,41,Oregon,FFS,55484,2191376,2.53,,-0.69,4530,8.16,,0.74
2015,State,51,Virginia,FFS,55572,1621381,3.43,,-0.51,4140,7.45,,-2.51
2015,State,21,Kentucky,FFS,21108,805167,2.62,,0.08,2413,11.43,,-2.72
2015,State,55,Wisconsin,FFS,957134,11225645,8.53,,-0.34,144902,15.14,,1.05
2015,State,29,Missouri,FFS,688180,11501582,5.98,,-0.66,62831,9.13,,0.41
2015,State,27,Minnesota,FFS,128011,2624619,4.88,,-0.72,11340,8.86,,0.21
2015,State,22,Louisiana,FFS,105747,3022468,3.5,,-1.76,5344,5.05,,1.52
2015,State,18,Indiana,FFS,324434,6447607,5.03,,-3.18,25722,7.93,,0.1
2015,State,47,Tennessee,FFS,1018415,12599987,8.08,,0.16,69553,6.83,,-1.04
2015,State,24,Maryland,FFS,78570,4382592,1.79,,,10666,13.58,,-0.22
2015,State,53,Washington,FFS,174035,1709226,10.18,,-0.44,12464,7.16,,-1.16
2015,State,25,Massachusetts,FFS,258792,6213052,4.17,,-0.56,26471,10.23,,0.58
2015,State,04,Arizona,FFS,19581,127504,15.36,,-0.64,1709,8.73,,0.33
2015,State,13,Georgia,FFS,530809,7472188,7.1,,-0.43,41265,7.77,,0.31
2015,State,37,North Carolina,FFS,1154370,16383622,7.05,,-0.28,107551,9.32,,0.14
2015,State,34,New Jersey,FFS,39876,791441,5.04,,-0.38,8072,20.24,,-0.91
2015,State,17,Illinois,FFS,564007,9443174,5.97,,-0.27,20801,3.69,,0.34
2015,State,26,Michigan,FFS,217586,8694747,2.5,,-0.83,16150,7.42,,0.42
2015,State,12,Florida,FFS,107926,3414780,3.16,,-1.53,8646,8.01,,0.76
2015,State,42,Pennsylvania,FFS,57668,1374755,4.19,,0.21,5480,9.5,,-6.59
2015,State,48,Texas,FFS,69824,4048393,1.72,,-0.82,3055,4.38,,-0.96
2015,State,39,Ohio,FFS,240476,5048778,4.76,,-0.9,21087,8.77,,-0.29
2015,State,36,New York,FFS,144005,7422510,1.94,,-0.1,18750,13.02,,-1.96
2015,State,06,California,FFS,1312920,25082464,5.23,,-0.5,102737,7.83,,-0.7
2015,State,56,Wyoming,MC,0,0,,,,0,,,
2015,State,46,South Dakota,MC,0,0,,,,0,,,
2015,State,38,North Dakota,MC,31599,362992,8.71,,-1.25,2460,7.79,,0.88
2015,State,02,Alaska,MC,0,0,,,,0,,,
2015,State,30,Montana,MC,0,0,,,,0,,,
2015,State,50,Vermont,MC,0,0,,,,0,,,
2015,State,33,New Hampshire,MC,101798,1651420,6.16,,-0.13,12803,12.58,,-2.08
2015,State,11,District of Columbia,MC,56518,1259754,4.49,,-0.31,1418,2.51,,0.21
2015,State,31,Nebraska,MC,3062,104782,2.92,,-0.5,74,2.42,,1.27
2015,State,16,Idaho,MC,0,0,,,,0,,,
2015,State,23,Maine,MC,0,0,,,,0,,,
2015,State,10,Delaware,MC,153455,2411318,6.36,,6.36,24517,15.98,,
2015,State,15,Hawaii,MC,179557,2678676,6.7,,-0.64,19977,11.13,,
2015,State,49,Utah,MC,150909,1503011,10.04,,0.2,16794,11.13,,1.2
2015,State,44,Rhode Island,MC,148481,2970022,5,,-0.77,9230,6.22,,0.5
2015,State,20,Kansas,MC,205843,3237921,6.36,,-1,21377,10.39,,0.31
2015,State,05,Arkansas,MC,0,0,,,,0,,,
2015,State,35,New Mexico,MC,358655,5259596,6.82,,-0.95,16739,4.67,,-1.3
2015,State,28,Mississippi,MC,328498,4062217,8.09,,-2.21,12285,3.74,,0.33
2015,State,40,Oklahoma,MC,0,0,,,,0,,,
2015,State,32,Nevada,MC,318226,3659113,8.7,,-1.21,21930,6.89,,1.36
2015,State,19,Iowa,MC,12,63436,0.02,,,0,0,,
2015,State,45,South Carolina,MC,382225,5435602,7.03,,-0.59,23423,6.13,,0.41
2015,State,01,Alabama,MC,0,0,,,,0,,,
2015,State,08,Colorado,MC,0,0,,,,0,,,
2015,State,09,Connecticut,MC,0,0,,,,0,,,
2015,State,54,West Virginia,MC,155894,3047123,5.12,,-0.74,5148,3.3,,0.89
2015,State,41,Oregon,MC,768204,7521650,10.21,,-1.36,59394,7.73,,-0.25
2015,State,51,Virginia,MC,527544,8564951,6.16,,-0.79,38171,7.24,,0.08
2015,State,21,Kentucky,MC,421478,10079497,4.18,,-1.1,11748,2.79,,-1.6
2015,State,55,Wisconsin,MC,5152,80544,6.4,,-1.37,1346,26.13,,1.18
2015,State,29,Missouri,MC,0,0,,,,0,,,
2015,State,27,Minnesota,MC,541814,9040329,5.99,,-0.75,43190,7.97,,0.57
2015,State,22,Louisiana,MC,568566,9452097,6.02,,-1.56,18473,3.25,,0.21
2015,State,18,Indiana,MC,569681,6188652,9.21,,9.06,36965,6.49,,6.49
2015,State,47,Tennessee,MC,0,481387,0,,0,0,,,
2015,State,24,Maryland,MC,793820,8828725,8.99,,-0.72,90968,11.46,,1.85
2015,State,53,Washington,MC,962439,12307521,7.82,,-0.9,93679,9.73,,0.39
2015,State,25,Massachusetts,MC,466693,8548801,5.46,,-0.82,36887,7.9,,-0.12
2015,State,04,Arizona,MC,1215403,15735174,7.72,,-1.35,126659,10.42,,0.16
2015,State,13,Georgia,MC,479329,8649846,5.54,,-0.32,9913,2.07,,0.05
2015,State,37,North Carolina,MC,0,0,,,,0,,,
2015,State,34,New Jersey,MC,856781,17600783,4.87,,-0.19,66244,7.73,,0.24
2015,State,17,Illinois,MC,806975,13095506,6.16,,0.65,32285,4,,-0.7
2015,State,26,Michigan,MC,1844208,16978050,10.86,,-1.2,112821,6.12,,0.52
2015,State,12,Florida,MC,1341668,25386038,5.29,,-0.69,125960,9.39,,0.51
2015,State,42,Pennsylvania,MC,1685982,27643279,6.1,,-0.41,145535,8.63,,-0.1
2015,State,48,Texas,MC,1147751,27648887,4.15,,-0.77,56727,4.94,,0.77
2015,State,39,Ohio,MC,2192998,34513107,6.35,,-1.06,103069,4.7,,-0.06
2015,State,36,New York,MC,1906744,55995678,3.41,,-0.01,161806,8.49,,-0.15
2015,State,06,California,MC,3282611,57112698,5.75,,-0.96,196295,5.98,,0.83
2016,State,56,Wyoming,All,34408,536984,6.41,,-0.91,3172,9.22,,-0.48
2016,State,46,South Dakota,All,52261,970045,5.39,,-0.67,4875,9.33,,-0.02
2016,State,38,North Dakota,All,57576,970401,5.93,,-1,4340,7.54,,-0.41
2016,State,02,Alaska,All,96490,1222153,7.9,,0.29,11181,11.59,,-0.73
2016,State,33,New Hampshire,All,64968,1443132,4.5,,-1.65,9181,14.13,,1.92
2016,State,50,Vermont,All,100025,1579436,6.33,,-0.7,14090,14.09,,0.13
2016,State,30,Montana,All,150780,1977263,7.63,,0.12,12062,8,,-3.24
2016,State,16,Idaho,All,137352,2244662,6.12,,-0.73,12975,9.45,,-0.75
2016,State,31,Nebraska,All,119540,2258272,5.29,,-0.42,12586,10.53,,0.37
2016,State,11,District of Columbia,All,100823,2306334,4.37,,-0.45,4996,4.96,,-0.95
2016,State,23,Maine,All,121654,2374544,5.12,,-0.69,18995,15.61,,1
2016,State,15,Hawaii,All,149762,2432123,6.16,,-0.59,14750,9.85,,-1.16
2016,State,49,Utah,All,194553,2702574,7.2,,-0.53,21661,11.13,,0.18
2016,State,10,Delaware,All,153469,2855698,5.37,,-0.93,24754,16.13,,0.36
2016,State,44,Rhode Island,All,136367,3235433,4.21,,-0.67,9080,6.66,,0.18
2016,State,20,Kansas,All,198812,3284776,6.05,,-0.29,20818,10.47,,0.09
2016,State,05,Arkansas,All,333081,4840413,6.88,,-0.13,17987,5.4,,0.61
2016,State,40,Oklahoma,All,411583,5731262,7.18,,-0.45,37628,9.14,,0.68
2016,State,28,Mississippi,All,370224,5862814,6.31,,-0.58,15027,4.06,,0.03
2016,State,35,New Mexico,All,388990,6045099,6.43,,-0.49,14007,3.6,,-0.97
2016,State,45,South Carolina,All,361208,6206881,5.82,,-0.72,22859,6.33,,-0.02
2016,State,19,Iowa,All,292032,6283383,4.65,,-1.22,21956,7.52,,0.65
2016,State,32,Nevada,All,562700,6905599,8.15,,-0.73,50394,8.96,,-0.01
2016,State,01,Alabama,All,407587,7587123,5.37,,-0.26,19535,4.79,,0.01
2016,State,08,Colorado,All,808077,8890600,9.09,,-1.12,71628,8.86,,0.14
2016,State,09,Connecticut,All,488372,9451826,5.17,,-0.92,46197,9.46,,-0.4
2016,State,41,Oregon,All,711338,9580372,7.43,,-1.05,56250,7.91,,0.15
2016,State,54,West Virginia,All,444655,9755986,4.56,,-1.04,21360,4.8,,-0.11
2016,State,51,Virginia,All,585718,10476636,5.59,,-0.13,81224,13.87,,6.61
2016,State,55,Wisconsin,All,880031,11491754,7.66,,-0.85,141725,16.1,,0.9
2016,State,29,Missouri,All,645729,11639372,5.55,,-0.43,58575,9.07,,-0.06
2016,State,27,Minnesota,All,591038,12211579,4.84,,-0.9,49487,8.37,,0.23
2016,State,22,Louisiana,All,750510,13100935,5.73,,0.32,23246,3.1,,-0.43
2016,State,24,Maryland,All,838175,13698112,6.12,,-0.48,105342,12.57,,0.92
2016,State,47,Tennessee,All,988430,14030213,7.05,,-0.74,48782,4.94,,-1.89
2016,State,53,Washington,All,1063755,14647844,7.26,,-0.85,94677,8.9,,-0.44
2016,State,13,Georgia,All,921770,15853475,5.81,,-0.46,47997,5.21,,0.14
2016,State,25,Massachusetts,All,640783,15869343,4.04,,-0.87,60964,9.51,,0.78
2016,State,18,Indiana,All,1047787,16368081,6.4,,-0.68,66423,6.34,,-0.67
2016,State,37,North Carolina,All,1028283,16491258,6.24,,-0.81,101114,9.83,,0.51
2016,State,21,Kentucky,All,724665,16554851,4.38,,0.31,22094,3.05,,-0.15
2016,State,04,Arizona,All,1283751,17621826,7.29,,-0.5,139024,10.83,,0.44
2016,State,34,New Jersey,All,984999,21949648,4.49,,-0.39,88613,9,,0.71
2016,State,17,Illinois,All,1455711,26070277,5.58,,-0.5,55052,3.78,,-0.09
2016,State,12,Florida,All,1322139,29307650,4.51,,-0.52,89448,6.77,,-2.52
2016,State,26,Michigan,All,2131199,29311749,7.27,,-0.76,128903,6.05,,-0.21
2016,State,48,Texas,All,1198191,32030908,3.74,,-0.1,55792,4.66,,-0.25
2016,State,42,Pennsylvania,All,1777698,32529888,5.46,,-0.55,152497,8.58,,-0.08
2016,State,39,Ohio,All,2268467,42492082,5.34,,-0.81,116615,5.14,,0.04
2016,State,36,New York,All,1901793,66604952,2.86,,-0.37,179990,9.46,,0.66
2016,State,06,California,All,4422964,85934130,5.15,,-0.44,281593,6.37,,-0.14
2016,State,56,Wyoming,FFS,34408,536984,6.41,,-0.91,3172,9.22,,-0.48
2016,State,46,South Dakota,FFS,52261,970045,5.39,,-0.67,4875,9.33,,-0.02
2016,State,38,North Dakota,FFS,26841,560179,4.79,,-0.97,1891,7.05,,-1.07
2016,State,02,Alaska,FFS,96490,1222153,7.9,,0.29,11181,11.59,,-0.73
2016,State,33,New Hampshire,FFS,9287,161211,5.76,,-0.27,932,10.04,,0.9
2016,State,50,Vermont,FFS,100025,1579436,6.33,,-0.7,14090,14.09,,0.13
2016,State,30,Montana,FFS,150780,1977263,7.63,,0.12,12062,8,,-3.24
2016,State,16,Idaho,FFS,137352,2244662,6.12,,-0.73,12975,9.45,,-0.75
2016,State,31,Nebraska,FFS,114469,2019347,5.67,,-0.18,12417,10.85,,0.5
2016,State,11,District of Columbia,FFS,41513,934941,4.44,,-0.87,3515,8.47,,-1.65
2016,State,23,Maine,FFS,121654,2374544,5.12,,-0.69,18995,15.61,,1
2016,State,15,Hawaii,FFS,1816,9893,18.36,,-1.32,,,,
2016,State,49,Utah,FFS,52946,1213481,4.36,,-0.7,4818,9.1,,-1.44
2016,State,10,Delaware,FFS,3913,100808,3.88,,-1.23,266,6.8,,-4.21
2016,State,44,Rhode Island,FFS,4693,171228,2.74,,-0.7,436,9.29,,-1.94
2016,State,20,Kansas,FFS,,18013,2.56,,-0.31,49,10.61,,0.87
2016,State,05,Arkansas,FFS,333081,4840413,6.88,,-0.13,17987,5.4,,0.61
2016,State,40,Oklahoma,FFS,411583,5731262,7.18,,-0.45,37628,9.14,,0.68
2016,State,28,Mississippi,FFS,47897,953647,5.02,,0.95,3191,6.66,,1.24
2016,State,35,New Mexico,FFS,16723,171430,9.76,,-0.36,509,3.04,,0.63
2016,State,45,South Carolina,FFS,42772,1150090,3.72,,-0.54,3568,8.34,,0.34
2016,State,19,Iowa,FFS,112098,2076671,5.4,,-0.52,8583,7.66,,0.79
2016,State,32,Nevada,FFS,215098,2527388,8.51,,-0.64,25407,11.81,,-0.1
2016,State,01,Alabama,FFS,407587,7587123,5.37,,-0.26,19535,4.79,,0.01
2016,State,08,Colorado,FFS,749633,8293871,9.04,,-1.17,67044,8.94,,0.22
2016,State,09,Connecticut,FFS,488372,9451826,5.17,,-0.92,46197,9.46,,-0.4
2016,State,41,Oregon,FFS,56666,2264967,2.5,,-0.03,6929,12.23,,4.07
2016,State,54,West Virginia,FFS,149568,3440044,4.35,,-1.48,10496,7.02,,1.42
2016,State,51,Virginia,FFS,99891,1715479,5.82,,2.39,47890,47.94,,40.49
2016,State,55,Wisconsin,FFS,875014,11408280,7.67,,-0.86,140409,16.05,,0.91
2016,State,29,Missouri,FFS,645729,11639372,5.55,,-0.43,58575,9.07,,-0.06
2016,State,27,Minnesota,FFS,105497,2523319,4.18,,-0.7,9490,9,,0.14
2016,State,22,Louisiana,FFS,17953,973059,1.85,,-1.65,1906,10.62,,5.57
2016,State,24,Maryland,FFS,54545,4549336,,,,8063,14.78,,1.2
2016,State,47,Tennessee,FFS,,13517350,,,,,,,
2016,State,53,Washington,FFS,133218,1371247,9.72,,-0.46,7824,5.87,,-1.29
2016,State,13,Georgia,FFS,501804,7614706,6.59,,-0.51,39537,7.88,,0.11
2016,State,25,Massachusetts,FFS,206065,6217861,3.31,,-0.86,22613,10.97,,0.74
2016,State,18,Indiana,FFS,117732,4422848,2.66,,-2.37,6843,5.81,,-2.12
2016,State,37,North Carolina,FFS,1028283,16491258,6.24,,-0.81,101114,9.83,,0.51
2016,State,21,Kentucky,FFS,20093,770150,2.61,,-0.01,1860,9.26,,-2.17
2016,State,04,Arizona,FFS,17062,121058,14.09,,-1.27,1345,7.88,,-0.85
2016,State,34,New Jersey,FFS,21622,546036,3.96,,-1.08,4929,22.8,,2.56
2016,State,17,Illinois,FFS,387380,6851599,5.65,,-0.32,14024,3.62,,-0.07
2016,State,12,Florida,FFS,59638,2734325,2.18,,-0.98,3613,6.06,,-1.95
2016,State,26,Michigan,FFS,190332,9031368,2.11,,-0.39,12554,6.6,,-0.82
2016,State,48,Texas,FFS,61700,3439385,1.79,,0.07,2767,4.48,,0.1
2016,State,42,Pennsylvania,FFS,29781,1331902,2.24,,-1.95,4604,15.46,,5.96
2016,State,39,Ohio,FFS,189854,4478616,4.24,,-0.52,16472,8.68,,-0.09
2016,State,36,New York,FFS,121762,7235099,1.68,,-0.26,17060,14.01,,0.99
2016,State,06,California,FFS,1138419,24117523,4.72,,-0.51,84862,7.45,,-0.38
2016,State,56,Wyoming,MC,0,0,,,,0,,,
2016,State,46,South Dakota,MC,0,0,,,,0,,,
2016,State,38,North Dakota,MC,30735,410222,7.49,,-1.22,2449,7.97,,0.18
2016,State,02,Alaska,MC,0,0,,,,0,,,
2016,State,33,New Hampshire,MC,55681,1281921,4.34,,-1.82,8249,14.81,,2.23
2016,State,50,Vermont,MC,0,0,,,,0,,,
2016,State,30,Montana,MC,0,0,,,,0,,,
2016,State,16,Idaho,MC,0,0,,,,0,,,
2016,State,31,Nebraska,MC,5071,238925,2.12,,-0.8,169,3.33,,0.91
2016,State,11,District of Columbia,MC,59310,1371393,4.32,,-0.17,1481,2.5,,-0.01
2016,State,23,Maine,MC,0,0,,,,0,,,
2016,State,15,Hawaii,MC,147946,2422230,6.11,,-0.59,,,,
2016,State,49,Utah,MC,141607,1489093,9.51,,-0.53,16843,11.89,,0.76
2016,State,10,Delaware,MC,149556,2754890,5.43,,-0.93,24488,16.37,,0.39
2016,State,44,Rhode Island,MC,131674,3064205,4.3,,-0.7,8644,6.56,,0.34
2016,State,20,Kansas,MC,198350,3266763,6.07,,-0.29,20769,10.47,,0.08
2016,State,05,Arkansas,MC,0,0,,,,0,,,
2016,State,40,Oklahoma,MC,0,0,,,,0,,,
2016,State,28,Mississippi,MC,322327,4909167,6.57,,-1.52,11836,3.67,,-0.07
2016,State,35,New Mexico,MC,372267,5873669,6.34,,-0.48,13498,3.63,,-1.04
2016,State,45,South Carolina,MC,318436,5056791,6.3,,-0.73,19291,6.06,,-0.07
2016,State,19,Iowa,MC,179934,4206712,4.28,,4.26,13373,7.43,,7.43
2016,State,32,Nevada,MC,347602,4378211,7.94,,-0.76,24987,7.19,,0.3
2016,State,01,Alabama,MC,,0,,,,0,,,
2016,State,08,Colorado,MC,58444,596729,9.79,,,4584,7.84,,
2016,State,09,Connecticut,MC,0,0,,,,0,,,
2016,State,41,Oregon,MC,654672,7315405,8.95,,-1.26,49321,7.53,,-0.2
2016,State,54,West Virginia,MC,295087,6315942,4.67,,-0.45,10864,3.68,,0.38
2016,State,51,Virginia,MC,485827,8761157,5.55,,-0.61,33334,6.86,,-0.38
2016,State,55,Wisconsin,MC,5017,83474,6.01,,-0.39,1316,26.23,,0.1
2016,State,29,Missouri,MC,0,0,,,,0,,,
2016,State,27,Minnesota,MC,485541,9688260,5.01,,-0.98,39997,8.24,,0.27
2016,State,22,Louisiana,MC,732557,12127876,6.04,,0.02,21340,2.91,,-0.34
2016,State,24,Maryland,MC,783630,9148776,8.57,,-0.42,97279,12.41,,0.95
2016,State,47,Tennessee,MC,,512863,,,,,,,
2016,State,53,Washington,MC,930537,13276597,7.01,,-0.81,86853,9.33,,-0.4
2016,State,13,Georgia,MC,419966,8238769,5.1,,-0.44,8460,2.01,,-0.06
2016,State,25,Massachusetts,MC,434718,9651482,4.5,,-0.96,38351,8.82,,0.92
2016,State,18,Indiana,MC,930055,11945233,7.79,,-1.42,59580,6.41,,-0.08
2016,State,37,North Carolina,MC,0,0,,,,0,,,
2016,State,21,Kentucky,MC,704572,15784701,4.46,,0.28,20234,2.87,,0.08
2016,State,04,Arizona,MC,1266689,17500768,7.24,,-0.48,137679,10.87,,0.45
2016,State,34,New Jersey,MC,963377,21403612,4.5,,-0.37,83684,8.69,,0.96
2016,State,17,Illinois,MC,1068331,19218678,5.56,,-0.6,41028,3.84,,-0.16
2016,State,12,Florida,MC,1262501,26573325,4.75,,-0.54,85835,6.8,,-2.59
2016,State,26,Michigan,MC,1940867,20280381,9.57,,-1.29,116349,5.99,,-0.13
2016,State,48,Texas,MC,1136491,28591523,3.97,,-0.18,53025,4.67,,-0.27
2016,State,42,Pennsylvania,MC,1747917,31197986,5.6,,-0.5,147893,8.46,,-0.17
2016,State,39,Ohio,MC,2078613,38013466,5.47,,-0.88,100143,4.82,,0.12
2016,State,36,New York,MC,1780031,59369853,3,,-0.41,162930,9.15,,0.66
2016,State,06,California,MC,3284545,61816607,5.31,,-0.44,196731,5.99,,0.01
2017,State,56,Wyoming,All,29216,500352,5.84,,-0.57,2752,9.42,,0.2
2017,State,46,South Dakota,All,44054,921594,4.78,,-0.61,4294,9.75,,0.42
2017,State,38,North Dakota,All,47049,975187,4.82,,-1.11,2966,6.3,,-1.24
2017,State,33,New Hampshire,All,43275,1339460,3.23,,-1.27,6282,14.52,,0.39
2017,State,02,Alaska,All,97744,1502123,6.51,,-1.39,12207,12.49,,0.9
2017,State,50,Vermont,All,76120,1509155,5.04,,-1.29,11539,15.16,,1.07
2017,State,11,District of Columbia,All,84548,2211279,3.82,,-0.55,3931,4.65,,-0.31
2017,State,23,Maine,All,92111,2280467,4.04,,-1.08,14275,15.5,,-0.11
2017,State,16,Idaho,All,122707,2324326,5.28,,-0.84,11205,9.13,,-0.32
2017,State,10,Delaware,All,109681,2445384,4.49,,-0.88,18376,16.75,,0.62
2017,State,30,Montana,All,168937,2520671,6.7,,-0.93,20356,12.05,,4.05
2017,State,49,Utah,All,149966,2535648,5.91,,-1.29,16778,11.19,,0.06
2017,State,31,Nebraska,All,114907,2611806,4.4,,-0.89,14056,12.23,,1.7
2017,State,15,Hawaii,All,147616,2687582,5.49,,-0.67,15421,10.45,,0.6
2017,State,44,Rhode Island,All,115176,3437437,3.35,,-0.86,7964,6.91,,0.25
2017,State,20,Kansas,All,252878,4339803,5.83,,-0.22,25968,10.27,,-0.2
2017,State,05,Arkansas,All,320666,5054517,6.34,,-0.54,18529,5.78,,0.38
2017,State,28,Mississippi,All,313862,5641836,5.56,,-0.75,14726,4.69,,0.63
2017,State,19,Iowa,All,261400,5731622,4.56,,-0.09,25272,9.67,,2.15
2017,State,40,Oklahoma,All,370972,5777658,6.42,,-0.76,34785,9.38,,0.24
2017,State,35,New Mexico,All,333142,6015830,5.54,,-0.89,14457,4.34,,0.74
2017,State,32,Nevada,All,476399,6467029,7.37,,-0.78,41118,8.63,,-0.33
2017,State,45,South Carolina,All,327850,6801717,4.82,,-1,21059,6.42,,0.09
2017,State,01,Alabama,All,357609,7378767,4.85,,-0.52,15659,4.38,,-0.41
2017,State,08,Colorado,All,674324,8282379,8.14,,-0.95,62300,9.24,,0.38
2017,State,09,Connecticut,All,395289,9181256,4.31,,-0.86,31973,8.09,,-1.37
2017,State,54,West Virginia,All,341010,9436383,3.61,,-0.95,16617,4.87,,0.07
2017,State,41,Oregon,All,632950,10152937,6.23,,-1.2,46966,7.42,,-0.49
2017,State,51,Virginia,All,432624,10352233,4.18,,-1.41,71426,16.51,,2.64
2017,State,55,Wisconsin,All,721150,11183252,6.45,,-1.21,133685,18.54,,2.44
2017,State,29,Missouri,All,563378,11537162,4.88,,-0.67,53980,9.58,,0.51
2017,State,27,Minnesota,All,537467,12988026,4.14,,-0.7,47301,8.8,,0.43
2017,State,24,Maryland,All,725184,13776405,5.26,,-0.86,84130,11.6,,-0.97
2017,State,47,Tennessee,All,812655,14254583,5.7,,-1.35,36022,4.43,,-0.51
2017,State,53,Washington,All,944544,15267166,6.19,,-1.07,77809,8.24,,-0.66
2017,State,18,Indiana,All,822559,15564802,5.28,,-1.12,47422,5.77,,-0.57
2017,State,25,Massachusetts,All,497109,15638815,3.18,,-0.86,48471,9.75,,0.24
2017,State,04,Arizona,All,969155,16065222,6.03,,-1.26,90774,9.37,,-1.46
2017,State,37,North Carolina,All,907168,16355380,5.55,,-0.69,89053,9.82,,-0.01
2017,State,13,Georgia,All,845916,16366596,5.17,,-0.64,49793,5.89,,0.68
2017,State,22,Louisiana,All,915815,18265691,5.01,,-0.72,22014,2.4,,-0.7
2017,State,34,New Jersey,All,698444,19267866,3.62,,-0.87,65218,9.34,,0.34
2017,State,21,Kentucky,All,889738,21810322,4.08,,-0.3,28282,3.18,,0.13
2017,State,17,Illinois,All,1320132,28014197,4.71,,-0.87,46812,3.55,,-0.23
2017,State,26,Michigan,All,1782938,29609252,6.02,,-1.25,102377,5.74,,-0.31
2017,State,12,Florida,All,1212728,29629378,4.09,,-0.42,84246,6.95,,0.18
2017,State,48,Texas,All,1059775,31763966,3.34,,-0.4,55686,5.25,,0.59
2017,State,42,Pennsylvania,All,1550108,36543528,4.24,,-1.22,139329,8.99,,0.41
2017,State,39,Ohio,All,1986412,47366403,4.19,,-1.15,106245,5.35,,0.21
2017,State,36,New York,All,1580430,63873684,2.47,,-0.39,143504,9.08,,-0.38
2017,State,06,California,All,3963934,88738638,4.47,,-0.68,257240,6.49,,0.12
2017,State,56,Wyoming,FFS,29216,500352,5.84,,-0.57,2752,9.42,,0.2
2017,State,46,South Dakota,FFS,44054,921594,4.78,,-0.61,4294,9.75,,0.42
2017,State,38,North Dakota,FFS,22972,575258,3.99,,-0.8,1283,5.59,,-1.46
2017,State,33,New Hampshire,FFS,5612,149185,3.76,,-2,402,7.16,,-2.88
2017,State,02,Alaska,FFS,97744,1502123,6.51,,-1.39,12207,12.49,,0.9
2017,State,50,Vermont,FFS,76120,1509155,5.04,,-1.29,11539,15.16,,1.07
2017,State,11,District of Columbia,FFS,34348,911771,3.77,,-0.67,2674,7.79,,-0.68
2017,State,23,Maine,FFS,92111,2280467,4.04,,-1.08,14275,15.5,,-0.11
2017,State,16,Idaho,FFS,122707,2324326,5.28,,-0.84,11205,9.13,,-0.32
2017,State,10,Delaware,FFS,2136,82302,2.6,,-1.28,83,3.89,,-2.91
2017,State,30,Montana,FFS,168937,2520671,6.7,,-0.93,20356,12.05,,4.05
2017,State,49,Utah,FFS,30270,1125931,2.69,,-1.67,2670,8.82,,-0.28
2017,State,31,Nebraska,FFS,3099,68297,4.54,,-1.13,405,13.07,,2.22
2017,State,15,Hawaii,FFS,1617,,18.49,,0.13,,,,
2017,State,44,Rhode Island,FFS,3143,141904,2.21,,-0.53,355,11.29,,2
2017,State,20,Kansas,FFS,,16787,2.37,,-0.19,75,18.84,,8.23
2017,State,05,Arkansas,FFS,,,,,,,,,
2017,State,28,Mississippi,FFS,43929,959505,4.58,,-0.44,3209,7.31,,0.65
2017,State,19,Iowa,FFS,12654,241446,5.24,,-0.16,780,6.16,,-1.5
2017,State,40,Oklahoma,FFS,370972,5777658,6.42,,-0.76,34785,9.38,,0.24
2017,State,35,New Mexico,FFS,19940,288831,6.9,,-2.86,784,3.93,,0.89
2017,State,32,Nevada,FFS,181061,2203975,8.22,,-0.29,20322,11.22,,-0.59
2017,State,45,South Carolina,FFS,36399,1184164,3.07,,-0.65,3070,8.43,,0.09
2017,State,01,Alabama,FFS,357609,7378767,4.85,,-0.52,15659,4.38,,-0.41
2017,State,08,Colorado,FFS,631731,7739215,8.16,,-0.88,58785,9.31,,0.37
2017,State,09,Connecticut,FFS,395289,9181256,4.31,,-0.86,31973,8.09,,-1.37
2017,State,54,West Virginia,FFS,169213,4779931,3.54,,-0.81,8606,5.09,,-1.93
2017,State,41,Oregon,FFS,45887,2192477,2.09,,-0.41,7871,17.15,,4.92
2017,State,51,Virginia,FFS,61125,1626623,3.76,,-2.06,21778,35.63,,-12.31
2017,State,55,Wisconsin,FFS,716932,11102333,6.46,,-1.21,132501,18.48,,2.43
2017,State,29,Missouri,FFS,563378,11537162,4.88,,-0.67,53980,9.58,,0.51
2017,State,27,Minnesota,FFS,75407,2195003,3.44,,-0.74,7089,9.4,,0.4
2017,State,24,Maryland,FFS,38269,4493287,,,,4485,11.72,,-3.06
2017,State,47,Tennessee,FFS,792455,12929439,6.13,,,35708,4.51,,
2017,State,53,Washington,FFS,92478,945745,9.78,,0.06,4189,4.53,,-1.34
2017,State,18,Indiana,FFS,44429,1801795,2.47,,-0.19,4975,11.2,,5.39
2017,State,25,Massachusetts,FFS,179008,6502329,2.75,,-0.56,18735,10.47,,-0.5
2017,State,04,Arizona,FFS,17317,146541,11.82,,-2.27,1020,5.89,,-1.99
2017,State,37,North Carolina,FFS,907168,16355380,5.55,,-0.69,89053,9.82,,-0.01
2017,State,13,Georgia,FFS,447647,7442474,6.01,,-0.58,41477,9.27,,1.39
2017,State,22,Louisiana,FFS,13507,882946,1.53,,-0.32,1616,11.96,,1.34
2017,State,34,New Jersey,FFS,14715,434481,3.39,,-0.57,3144,21.37,,-1.43
2017,State,21,Kentucky,FFS,20194,829973,2.43,,-0.18,1424,7.05,,-2.21
2017,State,17,Illinois,FFS,355577,7478086,4.75,,-0.9,10834,3.05,,-0.57
2017,State,26,Michigan,FFS,162282,9557201,1.7,,-0.41,11788,7.26,,0.66
2017,State,12,Florida,FFS,45267,2486404,1.82,,-0.36,2948,6.51,,0.45
2017,State,48,Texas,FFS,36400,1374030,2.65,,0.86,1846,5.07,,0.59
2017,State,42,Pennsylvania,FFS,25502,1312975,1.94,,-0.3,4539,17.8,,2.34
2017,State,39,Ohio,FFS,143039,4075727,3.51,,-0.73,12390,8.66,,-0.02
2017,State,36,New York,FFS,68467,5431047,1.26,,-0.42,10032,14.65,,0.64
2017,State,06,California,FFS,978423,23545214,4.16,,-0.56,87201,8.91,,1.46
2017,State,56,Wyoming,MC,0,0,,,,0,,,
2017,State,46,South Dakota,MC,0,0,,,,0,,,
2017,State,38,North Dakota,MC,24077,399929,6.02,,-1.47,1683,6.99,,-0.98
2017,State,33,New Hampshire,MC,37663,1190275,3.16,,-1.18,5880,15.61,,0.8
2017,State,02,Alaska,MC,0,0,,,,0,,,
2017,State,50,Vermont,MC,0,0,,,,0,,,
2017,State,11,District of Columbia,MC,50200,1299508,3.86,,-0.46,1257,2.5,,0
2017,State,23,Maine,MC,0,0,,,,0,,,
2017,State,16,Idaho,MC,0,0,,,,0,,,
2017,State,10,Delaware,MC,107545,2363082,4.55,,-0.88,18293,17.01,,0.64
2017,State,30,Montana,MC,0,0,,,,0,,,
2017,State,49,Utah,MC,119696,1409717,8.49,,-1.02,14108,11.79,,-0.1
2017,State,31,Nebraska,MC,111808,2543509,4.4,,2.28,13651,12.21,,8.88
2017,State,15,Hawaii,MC,145999,2678836,5.45,,-0.66,,,,
2017,State,44,Rhode Island,MC,112033,3295533,3.4,,-0.9,7609,6.79,,0.23
2017,State,20,Kansas,MC,252480,4323016,5.84,,-0.23,25893,10.26,,-0.21
2017,State,05,Arkansas,MC,,,,,,,,,
2017,State,28,Mississippi,MC,269933,4682331,5.76,,-0.81,11517,4.27,,0.6
2017,State,19,Iowa,MC,248746,5490176,4.53,,0.25,24492,9.85,,2.42
2017,State,40,Oklahoma,MC,0,0,,,,0,,,
2017,State,35,New Mexico,MC,313202,5726999,5.47,,-0.87,13673,4.37,,0.74
2017,State,32,Nevada,MC,295338,4263054,6.93,,-1.01,20796,7.04,,-0.15
2017,State,45,South Carolina,MC,291451,5617553,5.19,,-1.11,17989,6.17,,0.11
2017,State,01,Alabama,MC,,,,,,0,,,
2017,State,08,Colorado,MC,42593,543164,7.84,,-1.95,3515,8.25,,0.41
2017,State,09,Connecticut,MC,0,0,,,,0,,,
2017,State,54,West Virginia,MC,171797,4656452,3.69,,-0.98,8011,4.66,,0.98
2017,State,41,Oregon,MC,587063,7960460,7.37,,-1.58,39095,6.66,,-0.87
2017,State,51,Virginia,MC,371499,8725610,4.26,,-1.29,49648,13.36,,6.5
2017,State,55,Wisconsin,MC,4218,80919,5.21,,-0.8,1184,28.07,,1.84
2017,State,29,Missouri,MC,0,0,,,,0,,,
2017,State,27,Minnesota,MC,462060,10793023,4.28,,-0.73,40212,8.7,,0.46
2017,State,24,Maryland,MC,686915,9283118,7.4,,-1.17,79645,11.59,,-0.82
2017,State,47,Tennessee,MC,20200,1325144,1.52,,,314,1.55,,
2017,State,53,Washington,MC,852066,14321421,5.95,,-1.06,73620,8.64,,-0.69
2017,State,18,Indiana,MC,778130,13763007,5.65,,-2.14,42447,5.46,,-0.95
2017,State,25,Massachusetts,MC,318101,9136486,3.48,,-1.02,29736,9.35,,0.53
2017,State,04,Arizona,MC,951838,15918681,5.98,,-1.26,89754,9.43,,-1.44
2017,State,37,North Carolina,MC,0,0,,,,0,,,
2017,State,13,Georgia,MC,398269,8924122,4.46,,-0.64,8316,2.09,,0.08
2017,State,22,Louisiana,MC,902308,17382745,5.19,,-0.85,20398,2.26,,-0.65
2017,State,34,New Jersey,MC,683729,18833385,3.63,,-0.87,62074,9.08,,0.39
2017,State,21,Kentucky,MC,869544,20980349,4.14,,-0.32,26858,3.09,,0.22
2017,State,17,Illinois,MC,964555,20536111,4.7,,-0.86,35978,3.73,,-0.11
2017,State,26,Michigan,MC,1620656,20052051,8.08,,-1.49,90589,5.59,,-0.4
2017,State,12,Florida,MC,1167461,27142974,4.3,,-0.45,81298,6.96,,0.16
2017,State,48,Texas,MC,1023375,30389936,3.37,,-0.6,53840,5.26,,0.59
2017,State,42,Pennsylvania,MC,1524606,35230553,4.33,,-1.27,134790,8.84,,0.38
2017,State,39,Ohio,MC,1843373,43290676,4.26,,-1.21,93855,5.09,,0.27
2017,State,36,New York,MC,1511963,58442637,2.59,,-0.41,133472,8.83,,-0.32
2017,State,06,California,MC,2985511,65193424,4.58,,-0.73,170039,5.7,,-0.29
2018,State,56,Wyoming,All,23395,473436,4.94,-2.84,-0.9,2318,9.91,-0.36,0.49
2018,State,46,South Dakota,All,32785,883741,3.71,-3.61,-1.07,3272,9.98,1.76,0.23
2018,State,38,North Dakota,All,37137,968519,3.83,-2.95,-0.99,1610,4.34,-4.36,-1.96
2018,State,02,Alaska,All,80390,1396471,5.76,-1.9,-0.75,10735,13.35,1.22,0.86
2018,State,33,New Hampshire,All,37553,1421182,2.64,-4.01,-0.59,5397,14.37,0.94,-0.15
2018,State,50,Vermont,All,60520,1496697,4.04,-4.81,-1,9175,15.16,1.15,0
2018,State,23,Maine,All,71780,1902774,3.77,-3.11,-0.27,10949,15.25,5.33,-0.25
2018,State,11,District of Columbia,All,71365,2132122,3.35,-1.98,-0.47,3016,4.23,-0.87,-0.42
2018,State,16,Idaho,All,97329,2369813,4.11,-4.17,-1.17,8276,8.5,-0.66,-0.63
2018,State,49,Utah,All,120134,2493412,4.82,-3.13,-1.09,12461,10.37,1.43,-0.82
2018,State,15,Hawaii,All,116281,2535362,4.59,-3.39,-0.9,12114,10.42,-0.22,-0.03
2018,State,10,Delaware,All,104506,2539720,4.11,-4.11,-0.38,17384,16.63,-0.31,-0.12
2018,State,31,Nebraska,All,105388,2686224,3.92,-2.5,-0.48,12923,12.26,2.95,0.03
2018,State,30,Montana,All,277969,2932279,9.48,1.05,2.78,141021,50.73,38.52,38.68
2018,State,20,Kansas,All,152010,3354113,4.53,-2.77,-1.3,14441,9.5,1.03,-0.77
2018,State,44,Rhode Island,All,88704,3515410,2.52,-2.77,-0.83,6784,7.65,-0.06,0.74
2018,State,05,Arkansas,All,256150,4922367,5.2,-1.42,-1.14,12308,4.81,0.42,-0.97
2018,State,19,Iowa,All,235436,5054716,4.66,-1.37,0.1,78340,33.27,26.46,23.6
2018,State,28,Mississippi,All,243387,5388817,4.52,-2.99,-1.04,11459,4.71,1.36,0.02
2018,State,40,Oklahoma,All,301559,5594114,5.39,-3.45,-1.03,26848,8.9,2.6,-0.48
2018,State,35,New Mexico,All,269377,5761553,4.68,-3.01,-0.86,10473,3.89,-3.48,-0.45
2018,State,32,Nevada,All,336554,6111973,5.51,-3.86,-1.86,31783,9.44,-1.36,0.81
2018,State,45,South Carolina,All,233689,6593494,3.54,-3.33,-1.28,17101,7.32,1.29,0.9
2018,State,01,Alabama,All,306105,7319418,4.18,-1.86,-0.67,12598,4.12,-0.21,-0.26
2018,State,08,Colorado,All,526878,7894817,6.67,-4.39,-1.47,48730,9.25,-0.28,0.01
2018,State,41,Oregon,All,442778,9128650,4.85,-4.94,-1.38,27772,6.27,-3.79,-1.15
2018,State,09,Connecticut,All,328219,9331040,3.52,-3.5,-0.79,22988,7,-2.09,-1.09
2018,State,54,West Virginia,All,258932,9479852,2.73,-4.19,-0.88,10468,4.04,-1.5,-0.83
2018,State,55,Wisconsin,All,589412,10886873,5.41,-3.44,-1.04,117060,19.86,6.47,1.32
2018,State,51,Virginia,All,733840,11164211,6.57,-0.38,2.39,465955,63.5,56.41,46.99
2018,State,29,Missouri,All,447039,11248390,3.97,-2.9,-0.91,40950,9.16,0.74,-0.42
2018,State,27,Minnesota,All,403003,11965885,3.37,-3.54,-0.77,32197,7.99,0.17,-0.81
2018,State,47,Tennessee,All,457427,13594380,3.36,-5.82,-2.34,18716,4.09,-4.06,-0.34
2018,State,24,Maryland,All,600957,13990189,4.3,-3.02,-0.96,64549,10.74,1.18,-0.86
2018,State,53,Washington,All,715535,14259367,5.02,-3.8,-1.17,56600,7.91,-3.24,-0.33
2018,State,18,Indiana,All,627549,15135438,4.15,-4.57,-1.13,37254,5.94,-2.62,0.17
2018,State,04,Arizona,All,725161,15301423,4.74,-4.33,-1.29,57752,7.96,-2.91,-1.41
2018,State,37,North Carolina,All,613636,15331762,4,-3.85,-1.55,67503,11,1.91,1.18
2018,State,13,Georgia,All,690602,16103202,4.29,-2.6,-0.88,41330,5.98,1.2,0.09
2018,State,25,Massachusetts,All,430522,16447042,2.62,-3.37,-0.56,41252,9.58,-0.17,-0.17
2018,State,22,Louisiana,All,734775,18863145,3.9,-2.7,-1.11,15474,2.11,-1.11,-0.29
2018,State,34,New Jersey,All,561872,19027138,2.95,-1.79,-0.67,49072,8.73,-0.93,-0.61
2018,State,21,Kentucky,All,825302,23172126,3.56,-1.72,-0.52,25197,3.05,-1.59,-0.13
2018,State,17,Illinois,All,942603,24801738,3.8,-1.88,-0.91,31741,3.37,-0.79,-0.18
2018,State,26,Michigan,All,1324658,28521174,4.64,-4.06,-1.38,76280,5.76,-0.31,0.02
2018,State,12,Florida,All,911893,28869280,3.16,-2.47,-0.93,64419,7.06,-1.02,0.11
2018,State,48,Texas,All,890991,31001130,2.87,-2.13,-0.47,43041,4.83,0.73,-0.42
2018,State,42,Pennsylvania,All,925613,33649280,2.75,-3.94,-1.49,84711,9.15,0.13,0.16
2018,State,39,Ohio,All,1290481,43000789,3,-4.6,-1.19,69310,5.37,-0.87,0.02
2018,State,36,New York,All,1324075,66276161,2,-1.6,-0.47,111210,8.4,-0.31,-0.68
2018,State,06,California,All,3320847,87965099,3.78,-2.4,-0.69,214933,6.47,-1.09,-0.02
2018,State,56,Wyoming,FFS,23395,473436,4.94,-2.84,-0.9,2318,9.91,-0.36,0.49
2018,State,46,South Dakota,FFS,32785,883741,3.71,-3.61,-1.07,3272,9.98,1.76,0.23
2018,State,38,North Dakota,FFS,18276,560230,3.26,-3.52,-0.73,804,4.4,-4.3,-1.19
2018,State,02,Alaska,FFS,80390,1396471,5.76,-1.9,-0.75,10735,13.35,1.22,0.86
2018,State,33,New Hampshire,FFS,4175,131351,3.18,-3.49,-0.58,369,8.84,-4.36,1.68
2018,State,50,Vermont,FFS,60520,1496121,4.05,-4.8,-0.99,9175,15.16,1.15,0
2018,State,23,Maine,FFS,71780,1902774,3.77,-3.11,-0.27,10949,15.25,5.33,-0.25
2018,State,11,District of Columbia,FFS,28854,887807,3.25,-2.3,-0.52,2154,7.47,-1.11,-0.32
2018,State,16,Idaho,FFS,97329,2369813,4.11,-4.17,-1.17,8276,8.5,-0.66,-0.63
2018,State,49,Utah,FFS,26667,1158278,2.3,-3.97,-0.39,2040,7.65,-1.95,-1.17
2018,State,15,Hawaii,FFS,885,5905,14.99,-9.21,-3.5,,,,
2018,State,10,Delaware,FFS,1379,71903,1.92,-6.83,-0.68,37,2.68,-14.26,-1.21
2018,State,31,Nebraska,FFS,513,12676,4.05,-2.5,-0.49,63,12.28,2.61,-0.79
2018,State,30,Montana,FFS,277969,2932279,9.48,1.05,2.78,141021,50.73,38.52,38.68
2018,State,20,Kansas,FFS,,20154,1.41,-3.61,-0.96,31,10.88,-2.78,-7.96
2018,State,44,Rhode Island,FFS,1909,129744,1.47,-2.08,-0.74,276,14.46,1.37,3.17
2018,State,05,Arkansas,FFS,256150,4922367,5.2,-1.42,,12308,4.81,0.42,
2018,State,19,Iowa,FFS,13043,294735,4.43,,-0.81,1814,13.91,,7.75
2018,State,28,Mississippi,FFS,36069,991946,3.64,-0.65,-0.94,2572,7.13,3.85,-0.18
2018,State,40,Oklahoma,FFS,301559,5594114,5.39,-3.45,-1.03,26848,8.9,2.6,-0.48
2018,State,35,New Mexico,FFS,16789,313907,5.35,-2.91,-1.55,705,4.2,-0.34,0.27
2018,State,32,Nevada,FFS,133898,2043033,6.55,-2.58,-1.67,16046,11.98,-1.49,0.76
2018,State,45,South Carolina,FFS,29639,1150755,2.58,-3.63,-0.49,2537,8.56,1.4,0.13
2018,State,01,Alabama,FFS,306105,7319418,4.18,-1.86,-0.67,12598,4.12,-0.21,-0.26
2018,State,08,Colorado,FFS,501250,7418244,6.76,-4.3,-1.4,46595,9.3,-0.23,-0.01
2018,State,41,Oregon,FFS,29346,2121775,1.38,-1.57,-0.71,6919,23.58,10.52,6.43
2018,State,09,Connecticut,FFS,328219,9331040,3.52,-3.5,-0.79,22988,7,-2.09,-1.09
2018,State,54,West Virginia,FFS,,9115092,,,,,,,
2018,State,55,Wisconsin,FFS,585710,10806901,5.42,-3.43,-1.04,116201,19.84,6.47,1.36
2018,State,51,Virginia,FFS,124827,1157335,10.79,5.96,7.03,107289,85.95,75.64,50.32
2018,State,29,Missouri,FFS,447039,11248390,3.97,-2.9,-0.91,40950,9.16,0.74,-0.42
2018,State,27,Minnesota,FFS,54348,1993878,2.73,-3.24,-0.71,5291,9.74,0.25,0.34
2018,State,47,Tennessee,FFS,438972,12325624,3.56,-6.06,-2.57,18328,4.18,-3.97,-0.33
2018,State,24,Maryland,FFS,29253,4546495,,,,3305,11.3,-3.27,-0.42
2018,State,53,Washington,FFS,74347,889903,8.35,0.49,-1.43,3012,4.05,-8.38,-0.48
2018,State,18,Indiana,FFS,44188,1884388,2.35,-6.55,-0.12,4463,10.1,,-1.1
2018,State,04,Arizona,FFS,12439,139929,8.89,-5.91,-2.93,733,5.89,-3.63,0
2018,State,37,North Carolina,FFS,613636,15331762,4,-3.85,-1.55,67503,11,1.91,1.18
2018,State,13,Georgia,FFS,386096,7310079,5.28,-2.51,-0.73,35399,9.17,2.04,-0.1
2018,State,25,Massachusetts,FFS,198485,7790378,2.55,-2.55,-0.2,20021,10.09,-0.9,-0.38
2018,State,22,Louisiana,FFS,9397,835838,1.12,-4.33,-0.41,1013,10.78,7.31,-1.18
2018,State,34,New Jersey,FFS,12212,411172,2.97,-2.39,-0.42,2408,19.72,-0.06,-1.65
2018,State,21,Kentucky,FFS,17507,797002,2.2,-0.89,-0.23,1119,6.39,-5.2,-0.66
2018,State,17,Illinois,FFS,121354,3916300,3.1,-2.69,-1.65,3962,3.26,-0.53,0.21
2018,State,26,Michigan,FFS,116768,8898251,1.31,-2.01,-0.39,8933,7.65,-0.56,0.39
2018,State,12,Florida,FFS,31910,2382362,1.34,-3.76,-0.48,2275,7.13,-0.47,0.62
2018,State,48,Texas,FFS,20832,884111,2.36,-0.38,-0.29,790,3.79,-1.36,-1.28
2018,State,42,Pennsylvania,FFS,16164,1161612,1.39,-3.77,-0.55,2667,16.5,2.22,-1.3
2018,State,39,Ohio,FFS,82827,3349634,2.47,-3.37,-1.04,7751,9.36,-0.68,0.7
2018,State,36,New York,FFS,70248,7040340,1,-1.35,-0.26,10073,14.34,-0.38,-0.31
2018,State,06,California,FFS,821001,23672919,3.47,-1.91,-0.69,73401,8.94,-1.57,0.03
2018,State,56,Wyoming,MC,0,0,,,,0,,,
2018,State,46,South Dakota,MC,0,0,,,,0,,,
2018,State,38,North Dakota,MC,18861,408289,4.62,,-1.4,806,4.27,,-2.72
2018,State,02,Alaska,MC,0,0,,,,0,,,
2018,State,33,New Hampshire,MC,33378,1289831,2.59,-3.78,-0.57,5028,15.06,-1.87,-0.55
2018,State,50,Vermont,MC,0,576,0,,,0,,,
2018,State,23,Maine,MC,0,0,,,,0,,,
2018,State,11,District of Columbia,MC,42511,1244315,3.42,-1.74,-0.44,862,2.03,-0.31,-0.47
2018,State,16,Idaho,MC,0,0,,,,0,,,
2018,State,49,Utah,MC,93467,1335134,7,-2.29,-1.49,10421,11.15,2.56,-0.64
2018,State,15,Hawaii,MC,115396,2529457,4.56,-3.36,-0.89,,,,
2018,State,10,Delaware,MC,103127,2467817,4.18,4.18,-0.37,17347,16.82,,-0.19
2018,State,31,Nebraska,MC,104875,2673548,3.92,-0.62,-0.48,12860,12.26,10.09,0.05
2018,State,30,Montana,MC,0,0,,,,0,,,
2018,State,20,Kansas,MC,151725,3333959,4.55,-2.93,-1.29,14410,9.5,1.3,-0.76
2018,State,44,Rhode Island,MC,86795,3385666,2.56,-3.13,-0.84,6508,7.5,0.58,0.71
2018,State,05,Arkansas,MC,0,0,,,,0,,,
2018,State,19,Iowa,MC,222393,4759981,4.67,,0.14,76526,34.41,,24.56
2018,State,28,Mississippi,MC,207318,4396871,4.72,-5.93,-1.04,8887,4.29,0.91,0.02
2018,State,40,Oklahoma,MC,0,0,,,,0,,,
2018,State,35,New Mexico,MC,252588,5447646,4.64,-3.01,-0.83,9768,3.87,-3.7,-0.5
2018,State,32,Nevada,MC,202656,4068940,4.98,-4.9,-1.95,15737,7.77,2.43,0.73
2018,State,45,South Carolina,MC,204050,5442739,3.75,-3.6,-1.44,14564,7.14,1.8,0.97
2018,State,01,Alabama,MC,,0,,,,0,,,
2018,State,08,Colorado,MC,25628,476573,5.38,,-2.46,2135,8.33,,0.08
2018,State,41,Oregon,MC,413432,7006875,5.9,-6.23,-1.47,20853,5.04,-4.77,-1.62
2018,State,09,Connecticut,MC,0,0,,,,0,,,
2018,State,54,West Virginia,MC,,364760,,,,,,,
2018,State,55,Wisconsin,MC,3702,79972,4.63,-3.75,-0.58,859,23.2,4.73,-4.87
2018,State,51,Virginia,MC,609013,10006876,6.09,-1.49,1.83,358666,58.89,52.4,45.53
2018,State,29,Missouri,MC,0,0,,,,0,,,
2018,State,27,Minnesota,MC,348655,9972007,3.5,-3.76,-0.78,26906,7.72,0.41,-0.98
2018,State,47,Tennessee,MC,18455,1268756,1.45,1.45,-0.07,388,2.1,,0.55
2018,State,24,Maryland,MC,571704,9443694,6.05,-4.02,-1.35,61244,10.71,1.55,-0.88
2018,State,53,Washington,MC,641188,13369464,4.8,-4.51,-1.15,53588,8.36,-2.23,-0.28
2018,State,18,Indiana,MC,583361,13251050,4.4,4.17,-1.25,32791,5.62,,0.16
2018,State,04,Arizona,MC,712722,15161494,4.7,-4.34,-1.28,57019,8,-2.88,-1.43
2018,State,37,North Carolina,MC,0,0,,,,0,,,
2018,State,13,Georgia,MC,304506,8793123,3.46,-2.55,-1,5931,1.95,0.13,-0.14
2018,State,25,Massachusetts,MC,232037,8656664,2.68,-4.24,-0.8,21231,9.15,0.35,-0.2
2018,State,22,Louisiana,MC,725378,18027307,4.02,-3.94,-1.17,14461,1.99,-1.03,-0.27
2018,State,34,New Jersey,MC,549660,18615966,2.95,-1.69,-0.68,46664,8.49,0.72,-0.59
2018,State,21,Kentucky,MC,807795,22375124,3.61,-2.15,-0.53,24078,2.98,-0.84,-0.11
2018,State,17,Illinois,MC,821249,20885438,3.93,-0.94,-0.77,27779,3.38,-4.22,-0.35
2018,State,26,Michigan,MC,1207890,19622923,6.16,-5.75,-1.92,67347,5.58,-0.14,-0.01
2018,State,12,Florida,MC,879983,26486918,3.32,-3.11,-0.98,62144,7.06,-1.6,0.1
2018,State,48,Texas,MC,870159,30117019,2.89,-2.61,-0.48,42251,4.86,0.87,-0.4
2018,State,42,Pennsylvania,MC,909449,32487668,2.8,-4.05,-1.53,82044,9.02,0.42,0.18
2018,State,39,Ohio,MC,1207654,39651155,3.05,-5.18,-1.21,61559,5.1,-0.19,0.01
2018,State,36,New York,MC,1253827,59235821,2.12,-1.67,-0.47,101137,8.07,-0.08,-0.76
2018,State,06,California,MC,2499846,64292180,3.89,-2.88,-0.69,141532,5.66,-0.17,-0.04
2019,State,56,Wyoming,All,19608,442384,4.43,-3.37,-0.51,2128,10.85,0.66,0.94
2019,State,46,South Dakota,All,26421,868851,3.04,-3.68,-0.67,2627,9.94,2.06,-0.04
2019,State,38,North Dakota,All,29731,951998,3.12,-4.18,-0.71,942,3.17,-4.52,-1.17
2019,State,02,Alaska,All,65389,1433655,4.56,-3.33,-1.2,8268,12.64,0.88,-0.71
2019,State,50,Vermont,All,47131,1466367,3.21,-4.93,-0.83,6938,14.72,0.57,-0.44
2019,State,33,New Hampshire,All,48708,2007128,2.43,-3.85,-0.21,6703,13.76,-0.38,-0.61
2019,State,23,Maine,All,71943,2109138,3.41,-2.96,-0.36,10105,14.05,1.56,-1.2
2019,State,11,District of Columbia,All,59197,2129314,2.78,-2.33,-0.57,2366,4,-1.26,-0.23
2019,State,15,Hawaii,All,86100,2204211,3.91,-3.48,-0.68,7898,9.17,-1.71,-1.25
2019,State,16,Idaho,All,84108,2321670,3.62,-4.25,-0.49,6667,7.93,-1.33,-0.57
2019,State,31,Nebraska,All,75085,2419835,3.1,-3.07,-0.82,8796,11.71,2.25,-0.55
2019,State,49,Utah,All,113119,2625241,4.31,-3.76,-0.51,10832,9.58,-0.37,-0.79
2019,State,10,Delaware,All,90200,2792049,3.23,-4.66,-0.88,14353,15.91,-0.96,-0.72
2019,State,30,Montana,All,300501,3050386,9.85,1.7,0.37,181069,60.26,48.9,9.53
2019,State,44,Rhode Island,All,71802,3199224,2.24,-3.39,-0.28,5869,8.17,2.11,0.52
2019,State,20,Kansas,All,106610,3228098,3.3,-4.05,-1.23,8264,7.75,-2.33,-1.75
2019,State,05,Arkansas,All,216694,5017889,4.32,-3.12,-0.88,8129,3.75,-0.35,-1.06
2019,State,35,New Mexico,All,202092,5018882,4.03,-3.78,-0.65,7305,3.61,-2.24,-0.28
2019,State,28,Mississippi,All,196516,5336990,3.68,-3.6,-0.84,9216,4.69,1.19,-0.02
2019,State,40,Oklahoma,All,236836,5356967,4.42,-3.91,-0.97,19148,8.08,1.03,-0.82
2019,State,32,Nevada,All,277257,5611551,4.94,-4.88,-0.57,24149,8.71,-0.08,-0.73
2019,State,19,Iowa,All,274631,5879881,4.67,-1.85,0.01,126331,46,39.67,12.73
2019,State,45,South Carolina,All,178209,6474987,2.75,-4.36,-0.79,12930,7.26,1.38,-0.06
2019,State,01,Alabama,All,224307,7229344,3.1,-3.23,-1.08,10307,4.6,0.16,0.48
2019,State,08,Colorado,All,419270,7603246,5.51,-5.59,-1.16,38808,9.26,1.03,0.01
2019,State,41,Oregon,All,381651,9179368,4.16,-5.29,-0.69,40658,10.65,2.72,4.38
2019,State,09,Connecticut,All,294479,9250212,3.18,-3.56,-0.34,22998,7.81,-1.7,0.81
2019,State,54,West Virginia,All,198674,9253334,2.15,-4.75,-0.58,7602,3.83,-0.42,-0.21
2019,State,55,Wisconsin,All,501190,10638926,4.71,-4.15,-0.7,104147,20.78,6.62,0.92
2019,State,29,Missouri,All,354685,10938111,3.24,-3.4,-0.73,28104,7.92,-0.8,-1.24
2019,State,27,Minnesota,All,320806,11422551,2.81,-3.66,-0.56,25456,7.94,0.28,-0.05
2019,State,24,Maryland,All,517154,13671193,3.78,-3.46,-0.52,53607,10.37,0.46,-0.37
2019,State,47,Tennessee,All,341230,13984364,2.44,-5.21,-0.92,12411,3.64,-4.23,-0.45
2019,State,53,Washington,All,575404,14096146,4.08,-4.92,-0.94,47048,8.18,-0.98,0.27
2019,State,18,Indiana,All,544444,14845291,3.67,-4.4,-0.48,31327,5.75,-2.08,-0.19
2019,State,04,Arizona,All,595123,14954561,3.98,-5.15,-0.76,44314,7.45,-2.78,-0.51
2019,State,37,North Carolina,All,520128,15514315,3.35,-3.98,-0.65,59322,11.41,2.23,0.41
2019,State,13,Georgia,All,596565,15622562,3.82,-2.84,-0.47,35182,5.9,0.93,-0.08
2019,State,25,Massachusetts,All,368830,16435302,2.24,-3.31,-0.38,35364,9.59,0.91,0.01
2019,State,51,Virginia,All,1818350,17405542,10.45,4.11,3.88,1446711,79.56,72.04,16.06
2019,State,34,New Jersey,All,496164,18789941,2.64,-2.44,-0.31,41641,8.39,-0.01,-0.34
2019,State,22,Louisiana,All,619395,19014091,3.26,-3.16,-0.64,14317,2.31,-0.93,0.2
2019,State,21,Kentucky,All,659830,22137746,2.98,-2.04,-0.58,17984,2.73,-2.14,-0.32
2019,State,17,Illinois,All,847295,25523711,3.32,-2.72,-0.48,28218,3.33,-0.36,-0.04
2019,State,12,Florida,All,692902,26838324,2.58,-2.92,-0.58,49579,7.16,-1.2,0.1
2019,State,26,Michigan,All,1038337,27319109,3.8,-5.17,-0.84,58580,5.64,-0.14,-0.12
2019,State,48,Texas,All,731319,29773543,2.46,-2.05,-0.41,32193,4.4,0.11,-0.43
2019,State,42,Pennsylvania,All,617648,32252397,1.92,-4.45,-0.83,60009,9.72,0.74,0.57
2019,State,39,Ohio,All,1063067,42047832,2.53,-4.6,-0.47,54705,5.15,-0.14,-0.22
2019,State,36,New York,All,1138551,65560854,1.74,-1.51,-0.26,89809,7.89,-1.24,-0.51
2019,State,06,California,All,2763937,86766409,3.19,-3.13,-0.59,174303,6.31,-0.06,-0.16
2019,State,56,Wyoming,FFS,19608,442384,4.43,-3.37,-0.51,2128,10.85,0.66,0.94
